{
	"menu_jowi" : "约翰.威克",
	"hud_int_hold_grab_the_bag" : "按住 $BTN_INTERACT 捡起 $BAG",

	"wolfhud_dialog_force_start_title" : "强制开始游戏?",
	"wolfhud_dialog_force_start_desc" : "你确定要强制游戏开始吗？?\n\n请只在测试时使用这个，可能玩家只是暂时不在电脑前.\n请确保每个人都有足够的时间选择他的装备.\n\n谢谢 :)",
	"wolfhud_dialog_install_title" : "安装: $NAME",
	"wolfhud_dialog_install_desc" : "是否要安装 '$NAME'?",
	"wolfhud_dialog_remind_later" : "稍后再说",
	"wolfhud_dialog_install_fed_inv_desc" : "Federal Inventory是assets\\mod_overrides里的MOD,用彩色图标显示您的武器的面具和部署物。\n手动更新http://download.paydaymods.com/download/latest/fed_inv.",
	"wolfhud_dialog_rename_inv_tab" : "重命名库存页面",
	"wolfhud_dialog_rename_inv_tab_desc" : "请输入库存页面的新名称.",
	"wolfhud_dialog_save" : "保存",
	"woldhud_notification_disabled_override_title" : "WolfHUD: $NAME 当前已禁用.",
	"woldhud_notification_disabled_override_desc" : "如果你改变了主意，点击这里再次询问.",
	"woldhud_notification_restart_override_title" : "WolfHUD:准备安装 $NAME",
	"woldhud_notification_restart_override_desc" : "重新启动您的游戏后开始下载.",

	"wolfhud_int_locked" : "按 $BTN_CANCEL 中断",
	"wolfhud_int_locked_pager" : "按 $BTN_CANCEL 中断\n(触发警报)",

	"wolfhud_buy_all_assets" : "购买所有",
	"wolfhud_buy_all_assets_desc" : "购买所有可以被购买的有利条件.",

	"wolfhud_preplanning_save" : "保存计划",
	"wolfhud_preplanning_load" : "载入计划",
	"wolfhud_preplanning_reset" : "重置计划",
	"wolfhud_preplanning_reset_all" : "重置所有计划",
	"wolfhud_preplanning_delete" : "删除计划",
	"wolfhud_preplanning_save_tooltip_title" : "保存当前计划:",
	"wolfhud_preplanning_save_tooltip_desc" : "保存当前的计划，下次使用时更轻松.",
	"wolfhud_preplanning_load_tooltip_title" : "载入已保存的计划:",
	"wolfhud_preplanning_load_tooltip_desc" : "打开保存的计划菜单.",
	"wolfhud_preplanning_reset_tooltip_title" : "重置当前计划:",
	"wolfhud_preplanning_reset_tooltip_desc" : "在当前计划中重置你的花费以及点数.",
	"wolfhud_preplanning_reset_all_tooltip_title" : "重置完成计划:",
	"wolfhud_preplanning_reset_all_tooltip_desc" : "在当前计划中重置每个人的花费以及点数.",
	"wolfhud_preplanning_delete_tooltip_title" : "删除已保存的计划",
	"wolfhud_preplanning_delete_tooltip_desc" : "删除一些已保存的计划.",
	"wolfhud_preplanning_manager_title" : "预先计划",
	"wolfhud_preplanning_error_no_saved_plans" : "没有找到保存的计划.",
	"wolfhud_preplanning_error_max_plans_reached" : "保存的计划达到最大数量.",
	"wolfhud_preplanning_votes_title" : "点数:",
	"wolfhud_preplanning_assets_title" : "花费:",
	"wolfhud_preplanning_dialog_save" : "保存计划?",
	"wolfhud_preplanning_dialog_save_desc" : "$PLAN\n\n\n请输入此计划的名称.\n(使用现有名称将覆盖该计划.)",
	"wolfhud_preplanning_dialog_delete" : "删除计划?",
	"wolfhud_preplanning_dialog_delete_desc" : "您确定要删除计划 '$NAME'?",
	"wolfhud_preplanning_msg_saved_success" : "当前计划已成功保存.",
	"wolfhud_preplanning_msg_saved_failed" : "保存计划时发生错误.",
	"wolfhud_preplanning_msg_no_save_slot" : "达到最大数量的保存计划.",
	"wolfhud_preplanning_msg_no_current_plan" : "你没有计划可以修改.",
	"wolfhud_preplanning_msg_loaded_success" : "计划已成功加载.",
	"wolfhud_preplanning_msg_loaded_failed" : "加载计划时发生错误.",
	"wolfhud_preplanning_msg_loaded_partitially" : "载入部分计划: $ERRORMSG",
	"wolfhud_preplanning_msg_loaded_missing_skill" : "缺少技能",
	"wolfhud_preplanning_msg_loaded_missing_favours" : "没有足够的点数",
	"wolfhud_preplanning_msg_loaded_missing_money" : "没有足够的钱",
	"wolfhud_preplanning_msg_reseted_success" : "当前计划重置.",
	"wolfhud_preplanning_msg_reseted_failed" : "重置当前计划时发生错误.",
	"wolfhud_preplanning_msg_deleted_success" : "计划已成功删除.",
	"wolfhud_preplanning_msg_deleted_failed" : "删除保存的计划时发生错误.",

	"wolfhud_inv_tab_rename_hint" : "双击所选的“库存”选项卡将其重命名.",

	"wolfhud_loadout_hours_played" : "$HOURS 小时.",

    "wolfhud_profile_switch_title" : "切换配置文件",
    "wolfhud_profile_switch_title_profiles" : "配置文件:",

	"victory_most_damage" : "最高伤害:",
	"victory_session_damage" : "总伤害:",

	"wolfhud_advassault_phase_title" : "突击阶段: ",
	"wolfhud_advassault_spawns_title" : "剩余警察: ",
	"wolfhud_advassault_time_title" : "剩余时间: ",
	"wolfhud_advassault_phase_anticipation" : "预期",
	"wolfhud_advassault_phase_build" : "增加",
	"wolfhud_advassault_phase_sustain" : "持续",
	"wolfhud_advassault_phase_fade" : "减少",
	"wolfhud_advassault_time_overdue" : "延迟",
	"wolfhud_locked_assault" : "无尽的警察突击中！！！尽快离开这里！！！",

	"wolfhud_customhud_interaction_done" : "完成",
	"wolfhud_customhud_interaction_aborted" : "终止",

	"wolfhud_hudlist_device_timer" : "计时器",
	"wolfhud_hudlist_device_drill" : "电钻",
	"wolfhud_hudlist_device_hack" : "骇入",
	"wolfhud_hudlist_device_saw" : "电锯",
	"wolfhud_hudlist_loot_armor" : "护甲",
	"wolfhud_hudlist_loot_bomb" : "炸弹",
	"wolfhud_hudlist_loot_weapon" : "武器",
	"wolfhud_hudlist_loot_diamond" : "钻石",
	"wolfhud_hudlist_loot_evidence" : "证据",
	"wolfhud_hudlist_loot_toast" : "面包",
	"wolfhud_hudlist_loot_crate" : "木箱",
	"wolfhud_hudlist_loot_toothbrush" : "牙刷",
	"wolfhud_hudlist_loot_bag" : "包",
	"wolfhud_hudlist_loot_shoes" : "鞋",
	"wolfhud_hudlist_loot_toy" : "玩具",
	"wolfhud_hudlist_loot_vr" : "VR",

	"wolfhud_hudlist_buff_basic" : "基础",
	"wolfhud_hudlist_buff_aced" : "精通",
	"wolfhud_hudlist_buff_boost" : "提升",
	"wolfhud_hudlist_buff_revive" : "恢复",
	"wolfhud_hudlist_buff_crew_inspire_debuff" : "复活 (AI)",
	"wolfhud_hudlist_buff_dmg_inc" : "+伤害",
	"wolfhud_hudlist_buff_dmg_dec" : "-伤害",
	"wolfhud_hudlist_buff_mdmg_inc" : "+近战伤害",
	"wolfhud_hudlist_buff_phealth_reg" : "+HP",
	"wolfhud_hudlist_buff_tot_dodge" : "%闪避",

	"wolfhud_tabstats_total_damage" : "总共伤害:",
	"wolfhud_tabstats_tanks_killed" : "击杀重装警察数:",
	"wolfhud_tabstats_cloakers_killed" : "击杀幻影特工数:",
	"wolfhud_tabstats_shields_killed" : "击杀盾牌兵数:",
	"wolfhud_tabstats_snipers_killed" : "击杀狙击手数:",
	"wolfhud_tabstats_tasers_killed" : "击杀电击兵数:",
	"wolfhud_tabstats_gensec_killed" : "击杀GENSEC保安数:",
	"wolfhud_tabstats_medic_killed" : "击杀医护特工数:",
	"wolfhud_tabstats_melee_kills" : "近战杀敌数:",
	"wolfhud_tabstats_explosion_kills" : "爆头杀敌数:",
	"wolfhud_tabstats_nonspecial_kills" : "非特殊杀敌数:",
	"wolfhud_tabstats_total_revives" : "所有复活(玩家/电脑):",
	"wolfhud_tabstats_alltime_stat" : "全部时间:",

	"wolfhud_enemy_civilian" : "平民",
	"wolfhud_enemy_gangster" : "黑帮",
	"wolfhud_enemy_biker" : "飞车党",
	"wolfhud_enemy_bolivian_security" : "索萨保安",
	"wolfhud_enemy_bolivian_thug" : "索萨暴徒",
	"wolfhud_enemy_mobster" : "俄罗斯黑帮",
	"wolfhud_enemy_security" : "警卫",
	"wolfhud_enemy_gensec" : "GENSEC部队",
	"wolfhud_enemy_cop" : "警察",
	"wolfhud_enemy_fbi" : "FBI特警",
	"wolfhud_enemy_swat" : "特警",
	"wolfhud_enemy_heavy_swat" : "重装特警",
    "wolfhud_enemy_heavy_swat_sniper" : "重装狙击手",
	"wolfhud_enemy_city_swat" : "精锐部队",
	"wolfhud_enemy_shield" : "盾牌兵",
	"wolfhud_enemy_spook" : "幻影特工",
	"wolfhud_enemy_taser" : "泰瑟警察",
	"wolfhud_enemy_sniper" : "狙击手",
	"wolfhud_enemy_medic" : "医护特工",
	"wolfhud_enemy_tank" : "重装警察（熊）",
	"wolfhud_enemy_tank_hw" : "无头熊",
	"wolfhud_enemy_tank_medic" : "医疗熊",
	"wolfhud_enemy_tank_mini" : "机枪熊",
	"wolfhud_enemy_phalanx_minion" : "冬日盾牌兵",
	"wolfhud_enemy_phalanx_vip" : "冬日队长",
	"wolfhud_enemy_swat_van" : "特警炮塔",
	"wolfhud_enemy_ceiling_turret" : "炮塔",
	"wolfhud_enemy_sentry_gun" : "哨戒机枪",
	"wolfhud_enemy_mobster_boss" : "黑帮老大",
	"wolfhud_enemy_chavez_boss" : "查韦斯",
	"wolfhud_enemy_druglord_boss" : "索萨",
	"wolfhud_enemy_druglord_boss_stealth" : "索萨",
	"wolfhud_enemy_biker_boss" : "飞车党老大",
	"wolfhud_enemy_bank_manager" : "银行经理",
	"wolfhud_enemy_inside_man" : "内应",
	"wolfhud_enemy_escort_undercover" : "税务官",
	"wolfhud_enemy_escort_heatstreet" : "马特",
	"wolfhud_enemy_escort_chinese_prisoner" : "和夫",
	"wolfhud_enemy_drunk_pilot" : "醉酒飞行员",
	"wolfhud_enemy_escort" : "护送",
	"wolfhud_enemy_boris" : "保护",
	"wolfhud_enemy_spa_vip" : "卡隆",
	"wolfhud_enemy_spa_vip_hurt" : "卡隆 (负伤)",
	"wolfhud_enemy_old_hoxton_mission" : "霍斯顿",
	"wolfhud_enemy_locke_mission" : "洛克",
	"wolfhud_enemy_hector_boss" : "海克特",
	"wolfhud_enemy_hector_boss_no_armor" : "海克特",
	"wolfhud_enemy_crew" : "队友",
	"wolfhud_enemy_butler" : "奥斯通",
	"wolfhud_enemy_vlad" : "弗拉德",

	"wolfhud_enemy_boom" : "Grenadier",
	"wolfhud_enemy_omnia_lpf" : "OMNIA L.P.F.",
	"wolfhud_enemy_summers" : "Captain Summers",
	"wolfhud_enemy_boom_summers" : "Major Molly",
	"wolfhud_enemy_taser_summers" : "Engineer Electrika",
	"wolfhud_enemy_medic_summers" : "Sergeant Doc",
	"wolfhud_enemy_spring" : "Captain Spring",
	"wolfhud_enemy_fbi_vet" : "Veteran Cop",

	"wolfhud_multiselect_all" : "全部",
	"wolfhud_multiselect_none" : "无",
	"wolfhud_multiselect_disabled" : "禁用",
	"wolfhud_multiselect_random" : "随机",
	"wolfhud_multiselect_left" : "左",
	"wolfhud_multiselect_center" : "中",
	"wolfhud_multiselect_right" : "右",

	"wolfhud_colors_white"  : "白色",
	"wolfhud_colors_light_yellow"  : "浅黄色",
	"wolfhud_colors_light_orange"  : "浅橘色",
	"wolfhud_colors_light_red"  : "浅红色",
	"wolfhud_colors_light_purple"  : "浅紫色",
	"wolfhud_colors_light_green"  : "浅绿色",
	"wolfhud_colors_light_blue"  : "浅蓝色",
	"wolfhud_colors_light_gray" : "浅灰色",
	"wolfhud_colors_yellow"  : "黄色",
	"wolfhud_colors_orange"  : "橘色",
	"wolfhud_colors_red" : "红色",
	"wolfhud_colors_purple" : "紫色",
	"wolfhud_colors_green" : "绿色",
	"wolfhud_colors_blue" : "蓝色",
	"wolfhud_colors_gray" : "灰色",
	"wolfhud_colors_black" : "黑色",
	"wolfhud_colors_rainbow" : "多彩",

	"wolfhud_options_name" : "WolfHUD设置",
	"wolfhud_options_help" : "按照个人喜好定制你的WolfHUD.",

	"wolfhud_skip_blackscreen_title" : "跳过任务开场说明",
	"wolfhud_skip_blackscreen_desc" : "自动跳过任务开场说明，直接开始任务。\n(仅房主)",
	"wolfhud_instant_restart_title" : "立即重启",
	"wolfhud_instant_restart_desc" : "自动跳过在线房间里重新开始的5秒倒计时。\n(仅房主)",
	"wolfhud_stat_screen_speedup_title" : "结算页面加速",
	"wolfhud_stat_screen_speedup_desc" : "自动加快经验结算速度，无需按住空格.",
	"wolfhud_stat_screen_delay_title" : "结算界面延迟",
	"wolfhud_stat_screen_delay_desc" : "在任务奖励结算后，推迟X秒继续。\n(仅房主)",
	"wolfhud_loot_screen_pick_card_title" : "自动选择卡牌",
	"wolfhud_loot_screen_pick_card_desc" : "在选择卡牌界面，自动选择一张卡牌.",
	"wolfhud_loot_screen_pick_specific_card_title" : "自动选择特定的卡牌",
	"wolfhud_loot_screen_pick_specific_card_desc" : "指定要自动选择的卡牌.",
	"wolfhud_loot_screen_delay_title" : "抽卡界面延迟",
	"wolfhud_loot_screen_delay_desc" : "获得一张卡牌后，推迟X秒结束。\n(仅房主)",
	"wolfhud_replace_weapon_names_title" : "真实武器名字",
	"wolfhud_replace_weapon_names_desc" : "更换武器名字，与现实世界相同。\n(需要重新载入使其生效...)",
	"wolfhud_inventory_tab_names_title" : "使用库存标签名称",
	"wolfhud_inventory_tab_names_desc" : "自定义您的库存标签名称。\n(通过编辑 '/mods/saves/WolfHUD_InventoryNames.txt' 自定义你的标签名称)",
	"wolfhud_inventory_names_title" : "显示库存框名称",
	"wolfhud_inventory_names_desc" : "在其清单内显示你的武器、护甲、装备等的名称.",
	"wolfhud_skill_names_title" : "显示技能名称",
	"wolfhud_skill_names_desc" : "总是在技能树里面显示技能名字.",
	"wolfhud_show_mini_icons_title" : "始终显示小图标",
	"wolfhud_show_mini_icons_desc" : "总是显示所有武器的MOD图标，可选多个.",
	"wolfhud_no_slowmotion_title" : "关闭慢动作",
	"wolfhud_no_slowmotion_desc" : "当你戴上面具和倒地的时候，不会出现慢动作.",
	"wolfhud_reset_options_title" : "重置设置",
	"wolfhud_reset_options_desc" : "重置所有设置，恢复为默认值.",
	"wolfhud_reset_options_confirm" : "你真的确定要重置所有设置，使之恢复为默认值吗?",

	"wolfhud_panels_options_name" : "HUD选项",
	"wolfhud_panels_options_help" : "HUD的一般选项，如自定义HUD、可疑度、伤害指示器、驾驶HUD以及更多.",

	"wolfhud_use_customhud_title" : "使用自定义HUD",
	"wolfhud_use_customhud_desc" : "用更好的自定义HUD代替默认的HUD。\n(需要重新载入使其生效...)",
	"wolfhud_adv_assault_title" : "高级突击横幅",
	"wolfhud_adv_assault_desc" : "该功能与贴吧的“联合汉化”冲突！！！\n在突击进行时，显示突击阶段，时间和剩余突击时间。(仅房主)",
	"wolfhud_assault_position_title": "突击横幅位置",
	"wolfhud_assault_position_desc" : "调整突击横幅的水平位置.",
	"wolfhud_pacified_civs_title" : "显示控制平民",
	"wolfhud_pacified_civs_desc" : "将倒在地上的平民用“√”表示.",
	"wolfhud_use_realammo_title" : "使用真实弹药",
	"wolfhud_use_realammo_desc" : "显示剩余的备用弹药，不包括当前枪支上正在使用的弹药.",
	"wolfhud_enable_burstmode_title" : "启用连发模式",
	"wolfhud_enable_burstmode_desc" : "启用武器连发射击模式.",

	"wolfhud_playerpanel_options_name" : "玩家面板",
	"wolfhud_playerpanel_options_help" : "设置自己的HUD面板.",

	"wolfhud_teampanels_options_name" : "队友面板",
	"wolfhud_teampanels_options_help" : "设置队友的HUD面板.",

	"wolfhud_panels_position_title" : "位置",
	"wolfhud_panels_position_desc" : "HUD面板的水平位置.",
	"wolfhud_panels_scale_title" : "缩放",
	"wolfhud_panels_scale_desc" : "HUD面板的缩放比例.",
	"wolfhud_panels_oppacity_title" : "透明度",
	"wolfhud_panels_oppacity_desc" : "设置HUD面板的透明度.",
	"wolfhud_panels_show_name_title" : "显示名字",
	"wolfhud_panels_show_name_desc" : "显示玩家名字.",
	"wolfhud_panels_show_rank_title" : "显示等级",
	"wolfhud_panels_rank_name_desc" : "显示玩家等级.",
	"wolfhud_panels_truncate_tags_title" : "截断标签",
	"wolfhud_panels_truncate_tags_desc" : "尝试截断玩家名称中的队名标签（如[CN]等）.",
	"wolfhud_panels_show_char_title" : "显示角色",
	"wolfhud_panels_show_char_desc" : "显示玩家所选的角色.",
	"wolfhud_panels_show_ping_title" : "显示延迟",
	"wolfhud_panels_show_ping_desc" : "为你显示玩家延迟.",
	"wolfhud_panels_show_status_title" : "显示状态",
	"wolfhud_panels_show_status_desc" : "显示玩家状态 (生命、护甲等)",
	"wolfhud_panels_condition_icon_color_title" : "状态图标颜色",
	"wolfhud_panels_condition_icon_color_desc" : "设置状态图标的颜色（击倒，被捕，9S等）",
	"wolfhud_panels_show_equip_title" : "显示玩家装备",
	"wolfhud_panels_show_equip_desc" : "显示玩家武器.",
	"wolfhud_panels_show_special_equip_title" : "显示特殊装备",
	"wolfhud_panels_show_special_equip_desc" : "显示玩家携带的装备.",
	"wolfhud_panels_special_equip_rows_title" : "显示装备行",
	"wolfhud_panels_special_equip_rows_desc" : "携带装备项目，放置在一个行列.",
	"wolfhud_panels_show_callsign_title" : "显示互动环",
	"wolfhud_panels_show_callsign_desc" : "显示该玩家的互动环.",
	"wolfhud_panels_show_stamina_title" : "显示耐力环",
	"wolfhud_panels_show_stamina_desc" : "将耐力环显示在你的生命环内侧.",
	"wolfhud_panels_show_downcounter_title" : "显示倒地计数器",
	"wolfhud_panels_show_downcounter_desc" : "为每一个非AI玩家显示倒地计数器，计数器显示你的剩余倒地次数和队友的倒地次数.",
	"wolfhud_panels_show_carry_title" : "显示携带物品",
	"wolfhud_panels_show_carry_desc" : "显示携带物品信息.",
	"wolfhud_panels_build_show_title" : "显示配置",
	"wolfhud_panels_build_show_desc" : "当玩家加入房间时，显示其配置.",
	"wolfhud_panels_build_time_title" : "配置显示时间",
	"wolfhud_panels_build_time_desc" : "加入房间玩家的配置将显示X秒。\n(0 = 总是)",
	"wolfhud_panels_weapon_icon_title" : "武器图标",
	"wolfhud_panels_weapon_icon_desc" : "你想看哪种武器图标?",
	"wolfhud_panels_weapon_name_title" : "武器名称",
	"wolfhud_panels_weapon_name_desc" : "是否显示武器名称?",
	"wolfhud_panels_weapon_ammo_title" : "武器弹量",
	"wolfhud_panels_weapon_ammo_desc" : "武器弹量的显示模式.",
	"wolfhud_panels_weapon_firemode_title" : "武器射击模式",
	"wolfhud_panels_weapon_firemode_desc" : "显示武器射击模式，或隐藏它.",
	"wolfhud_panels_hide" : "隐藏",
	"wolfhud_panels_selected" : "仅显示正在使用的",
	"wolfhud_panels_unselected" : "仅显示未使用的",
	"wolfhud_panels_both" : "两个都显示",
	"wolfhud_panels_ammo_total" : "只显示总弹量",
	"wolfhud_panels_show_interaction_title" : "显示互动",
	"wolfhud_panels_show_interaction_desc" : "显示你的队友互动.",
	"wolfhud_panels_show_interaction_number_title" : "互动计时器",
	"wolfhud_panels_show_interaction_number_desc" : "显示数字计时器",
	"wolfhud_panels_show_interaction_text_title" : "互动文字",
	"wolfhud_panels_show_interaction_text_desc" : "显示互动文字",
	"wolfhud_panels_interaction_time_title" : "最小互动时间",
	"wolfhud_panels_interaction_time_desc" : "如果超过X秒，那么只显示队友的互动环.",
	"wolfhud_panels_use_ai_color_title" : "使用自定义机器人颜色",
	"wolfhud_panels_use_ai_color_desc" : "使用自定义颜色的AI的名称。（这也影响伤害弹出窗口）",
	"wolfhud_panels_ai_color_title" : "自定义机器人颜色",
	"wolfhud_panels_ai_color_desc" : "设置用于AI名称的自定义颜色。（这也影响伤害弹出窗口）",

	"wolfhud_chat_options_name" : "聊天选项",
	"wolfhud_chat_options_help" : "自定义聊天对话框.",

	"wolfhud_chat_waittime_title" : "聊天文字淡化时间",
	"wolfhud_chat_waittime_desc" : "聊天文字淡化的时间。\n(0 = 从不淡化)",
	"wolfhud_chat_fontsize_title" : "聊天字体大小",
	"wolfhud_chat_fontsize_desc" : "聊天框中的字体大小",
	"wolfhud_chat_outputlines_title" : "最大文字行数",
	"wolfhud_chat_outputlines_desc" : "启用上下滚动查看之前的文字记录.",
	"wolfhud_spam_filter_title" : "聊天过滤器",
	"wolfhud_spam_filter_desc" : "从你的聊天框中移除PocoHUD和[NGBTO]的垃圾信息.",
	"wolfhud_chat_width_title" : "聊天框宽度",
	"wolfhud_chat_width_desc" : "聊天窗口的宽度",
	"wolfhud_chat_inputlines_title" : "聊天框最大输入行数",
	"wolfhud_chat_inputlines_desc" : "可以输入的文本行数",
	"wolfhud_chat_colored_bg_title" : "彩色背景",
	"wolfhud_chat_colored_bg_desc" : "根据消息源对行信息进行着色",
	"wolfhud_chat_scrollbar_align_title" : "滚动条对齐",
	"wolfhud_chat_scrollbar_align_desc" : "对滚动条进行对齐",

	"wolfhud_suspicion_options_name" : "怀疑度设置",
	"wolfhud_suspicion_options_help" : "设置怀疑度显示的大小、以及其他可选组件.",

	"wolfhud_suspicion_scale_title" : "怀疑度显示",
	"wolfhud_suspicion_scale_desc" : "怀疑度显示的大小比例.",
	"wolfhud_susp_eye_title" : "显示猜疑眼",
	"wolfhud_susp_eye_desc" : "显示默认的怀疑元素.",
	"wolfhud_susp_numberic_title" : "怀疑度数值显示",
	"wolfhud_susp_numberic_desc" : "用数值显示怀疑度.",
	"wolfhud_susp_numberic_outline_title" : "黑色轮廓",
	"wolfhud_susp_numberic_outline_desc" : "为怀疑度数值文本添加黑色轮廓.",

	"wolfhud_killcounter_options_name" : "击杀计数器器选项",
	"wolfhud_killcounter_options_help" : "击杀计数器的外观选项",

	"wolfhud_killcounter_player_show_killcount_title" : "显示击杀计数器",
	"wolfhud_killcounter_player_show_killcount_desc" : "在你的HUD中显示击杀计数器.",
	"wolfhud_killcounter_player_color_title" : "计数器颜色",
	"wolfhud_killcounter_player_color_desc" : "为击杀计数器设置颜色.",
	"wolfhud_killcounter_player_show_special_title" : "特殊敌人计数",
	"wolfhud_killcounter_player_show_special_desc" : "对杀死的特殊敌人分开计数.",
	"wolfhud_killcounter_player_show_head_title" : "爆头计数",
	"wolfhud_killcounter_player_show_head_desc" : "爆头击杀分开计数.",
	"wolfhud_killcounter_player_show_accuracy_title" : "显示命中率",
	"wolfhud_killcounter_player_show_accuracy_desc" : "在你的HUD中显示你当前的命中率.",
	"wolfhud_killcounter_team_show_killcount_title" : "显示队友计杀器",
	"wolfhud_killcounter_team_show_killcount_desc" : "在你的HUD中显示队友的击杀计数器.",
	"wolfhud_killcounter_team_color_title" : "队友计数器颜色",
	"wolfhud_killcounter_team_color_desc" : "为队友击杀计数器设置颜色.",
	"wolfhud_killcounter_team_show_special_title" : "队友的特殊敌人击杀",
	"wolfhud_killcounter_team_show_special_desc" : "为队友杀死的特殊敌人分开计数.",
	"wolfhud_killcounter_team_show_head_title" : "队友爆头计数",
	"wolfhud_killcounter_team_show_head_desc" : "队友爆头击杀分开计数.",
	"wolfhud_killcounter_team_show_ai_title" : "AI计数器",
	"wolfhud_killcounter_team_show_ai_desc" : "AI击杀也要进行计数吗?",
	"wolfhud_corpse_limit_title" : "尸体数限制",
	"wolfhud_corpse_limit_desc" : "在同一时间内，允许显示多少尸体数？\n(需要重新载入使其生效...)",

	"wolfhud_drivinghud_options_name" : "驾驶HUD选项",
	"wolfhud_drivinghud_options_help" : "驾驶时HUD的一些选项.",

	"wolfhud_show_drivinghud_title" : "显示驾驶HUD",
	"wolfhud_show_drivinghud_desc" : "驾驶过程中，在右下角显示一个HUD。\n(需要重新载入使其生效...)",
	"wolfhud_drivinghud_scale_title" : "大小比例",
	"wolfhud_drivinghud_scale_desc" : "驾驶HUD的大小比例.",
	"wolfhud_drivinghud_show_vehicle_title" : "显示车辆图像",
	"wolfhud_drivinghud_show_vehicle_desc" : "显示一个有关车辆和车上玩家的小图像.",
	"wolfhud_drivinghud_show_health_title" : "显示车辆健康值",
	"wolfhud_drivinghud_show_health_desc" : "显示车辆的健康值.",
	"wolfhud_drivinghud_show_loot_title" : "显示容量",
	"wolfhud_drivinghud_show_loot_desc" : "显示车辆当前装载的战利品数量以及可装载的最大值.",
	"wolfhud_drivinghud_show_passengers_title" : "显示乘客",
	"wolfhud_drivinghud_show_passengers_desc" : "显示车辆的乘客数量和座位总数.",
	"wolfhud_drivinghud_show_gear_title" : "显示档位",
	"wolfhud_drivinghud_show_gear_desc" : "显示你正使用的档位.",
	"wolfhud_drivinghud_show_speed_title" : "显示速度",
	"wolfhud_drivinghud_show_speed_desc" : "显示车辆当前的行驶速度.",
	"wolfhud_drivinghud_speed_in_mph_title" : "速度值用Mph",
	"wolfhud_drivinghud_speed_in_mph_desc" : "速度值用Mph表示。\n(否则使用Km/h表示)",
	"wolfhud_drivinghud_show_rpm_title" : "显示转速",
	"wolfhud_drivinghud_show_rpm_desc" : "显示车辆的每分钟转数.",

	"wolfhud_infopanels_options_name" : "HUD信息选项",
	"wolfhud_infopanels_options_help" : "HUD列表的信息框选项.",

	"wolfhud_use_hudlist_title" : "使用HUD列表",
	"wolfhud_use_hudlist_desc" : "HUD列表可以显示很多有用的东西，包括钻机计时器，敌人或战利品计数，地图上的资产等。\n(需要重新载入使其生效...)",
	"wolfhud_hudlist_scale_right_title" : "右侧列表大小比例",
	"wolfhud_hudlist_scale_right_desc" : "缩放右侧列表的大小比例.",
	"wolfhud_hudlist_scale_left_title" : "左侧列表大小比例",
	"wolfhud_hudlist_scale_left_desc" : "缩放左侧列表的大小比例.",
	"wolfhud_hudlist_scale_buff_title" : "Buff列表大小",
	"wolfhud_hudlist_scale_buff_desc" : "缩放Buff列表的大小比例.",
	"wolfhud_hudlist_box_color_title" : "列表字体颜色",
	"wolfhud_hudlist_box_color_desc" : "修改左/右列表内的字体颜色。\n(需要重新载入使其生效...)",
	"wolfhud_hudlist_box_bg_color_title" : "列表内背景颜色",
	"wolfhud_hudlist_box_bg_color_desc" : "修改左/右列表内的背景颜色。\n(需要重新载入使其生效...)",
	"wolfhud_hudlist_civcolor_title" : "平民颜色",
	"wolfhud_hudlist_civcolor_desc" : "修改平民和人质计数器的颜色.",
	"wolfhud_hudlist_thugcolor_title" : "黑帮颜色",
	"wolfhud_hudlist_thugcolor_desc" : "修改黑帮计数器的颜色.",
	"wolfhud_hudlist_copcolor_title" : "敌人颜色",
	"wolfhud_hudlist_copcolor_desc" : "修改警察、特警、重装特警、敌人计数器的颜色.",
	"wolfhud_hudlist_specialcolor_title" : "特殊敌人颜色",
	"wolfhud_hudlist_specialcolor_desc" : "修改特殊敌人和炮塔计数器的颜色.",
	"wolfhud_hudlist_progress_alpha_left_title" : "左侧列表提示框透明度",
	"wolfhud_hudlist_progress_alpha_left_desc" : "左侧列表提示框透明度.",
	"wolfhud_hudlist_progress_alpha_right_title" : "右侧列表提示框透明度",
	"wolfhud_hudlist_progress_alpha_right_desc" : "右侧列表提示框透明度.",
	"wolfhud_hudlist_progress_alpha_buff_title" : "Buff列表提示框透明度",
	"wolfhud_hudlist_progress_alpha_buff_desc" : "Buff列表提示框透明度.",

	"wolfhud_infopanels_left_options_name" : "左侧列表选项",
	"wolfhud_infopanels_left_options_help" : "设置左侧列表内容显示的信息.",

	"wolfhud_hudlist_show_timers_title" : "显示计时器",
	"wolfhud_hudlist_show_timers_desc" : "显示钻头、电脑入侵等的时间.",
	"wolfhud_hudlist_show_equipment_desc" : "是否在你的屏幕右边显示装备.",
	"wolfhud_hudlist_show_ammo_bags_title" : "显示弹药包",
	"wolfhud_hudlist_show_doc_bags_title" : "显示医疗箱",
	"wolfhud_hudlist_show_first_aid_kits_title" : "显示急救包",
	"wolfhud_hudlist_show_body_bags_title" : "显示尸体袋",
	"wolfhud_hudlist_show_grenade_crates_title" : "显示投掷物",
	"wolfhud_hudlist_sentries_title" : "显示哨戒机枪",
	"wolfhud_hudlist_sentries_desc" : "显示哨戒机枪的健康值和剩余弹药.",
	"wolfhud_hudlist_hide_empty_sentries_title" : "隐藏无弹药机枪",
	"wolfhud_hudlist_hide_empty_sentries_desc" : "隐藏无弹药的哨戒机枪.",
	"wolfhud_hudlist_show_ecms_title" : "显示ECM",
	"wolfhud_hudlist_show_ecms_desc" : "显示ECM的激活时间",
	"wolfhud_hudlist_show_ecm_retrigger_title" : "显示可再次触发的ECM",
	"wolfhud_hudlist_show_ecm_retrigger_desc" : "显示可以重新触发的ECM.",
	"wolfhud_hudlist_show_minions_title" : "显示变节敌人",
	"wolfhud_hudlist_show_minions_desc" : "显示所有变节敌人的血量.",
	"wolfhud_hudlist_show_own_minions_only_title" : "自己的变节敌人",
	"wolfhud_hudlist_show_own_minions_only_desc" : "只显示自己的变节敌人.",
	"wolfhud_hudlist_show_pagers_title" : "显示对讲机",
	"wolfhud_hudlist_show_pagers_desc" : "在触发报警前，显示对讲机的剩余时间.",
	"wolfhud_hudlist_show_tape_loop_title" : "显示摄像头循环",
	"wolfhud_hudlist_show_tape_loop_desc" : "显示摄像头循环的剩余时间.",
	"wolfhud_hudlist_remove_answered_pagers_title" : "移除对讲机图标",
	"wolfhud_hudlist_remove_answered_pagers_desc" : "如果有玩家回答，就移除掉对讲机图标.",

	"wolfhud_infopanels_right_options_name" : "右侧列表选项",
	"wolfhud_infopanels_right_options_help" : "设置右侧列表内容显示的信息.",

	"wolfhud_hudlist_show_enemies_title" : "显示敌人",
	"wolfhud_hudlist_show_enemies_desc" : "显示地图上所有敌人的数量.",
	"wolfhud_hudlist_aggregate_enemies_title" : "敌人总数",
	"wolfhud_hudlist_aggregate_enemies_desc" : "在一个HUD中显示全部敌人.",
	"wolfhud_hudlist_show_turrets_title" : "显示炮塔",
	"wolfhud_hudlist_show_turrets_desc" : "在地图上显示炮塔车辆.",
	"wolfhud_hudlist_show_civilians_title" : "显示平民",
	"wolfhud_hudlist_show_civilians_desc" : "显示地图上所有平民数量.",
	"wolfhud_hudlist_show_hostages_title" : "显示人质",
	"wolfhud_hudlist_show_hostages_desc" : "显示人质数量.",
	"wolfhud_hudlist_aggregate_hostages_title" : "人质总数",
	"wolfhud_hudlist_aggregate_hostages_desc" : "将所有类型的人质显示在一个信息框中.",
	"wolfhud_hudlist_show_minion_count_title" : "显示警察人质",
	"wolfhud_hudlist_show_minion_count_desc" : "显示警察人质数量.",
	"wolfhud_hudlist_show_pager_count_title" : "显示对讲机数量",
	"wolfhud_hudlist_show_pager_count_desc" : "在潜行过程中，显示已回答的对讲机数量.",
	"wolfhud_hudlist_show_cam_count_title" : "显示摄像头数量",
	"wolfhud_hudlist_show_cam_count_desc" : "在潜行过程中，显示正在工作的摄像头数量.",
	"wolfhud_hudlist_show_bodybags_count_title" : "显示尸体袋数量",
	"wolfhud_hudlist_show_bodybags_count_desc" : "在潜行过程中，显示尸体袋扩展库存.",
	"wolfhud_hudlist_show_corpse_count_title" : "显示尸体数量",
	"wolfhud_hudlist_show_corpse_count_desc" : "在潜行过程中，显示尸体与袋装尸体的数量.",
	"wolfhud_hudlist_show_loot_title" : "显示战利品",
	"wolfhud_hudlist_show_loot_desc" : "显示当前地图上可获取的战利品数量.",
	"wolfhud_hudlist_aggregate_loot_title" : "战利品计数",
	"wolfhud_hudlist_aggregate_loot_desc" : "在一个计数器中统计所有的战利品类型.",
	"wolfhud_hudlist_separate_bagged_loot_title" : "区分装袋战利品",
	"wolfhud_hudlist_separate_bagged_loot_desc" : "未装袋和装袋的战利品分开计数.",
	"wolfhud_hudlist_show_potential_loot_title" : "显示潜在的战利品",
	"wolfhud_hudlist_show_potential_loot_desc" : "显示地图上的箱子里潜在的战利品数量。 \n(可能里面啥都没有...)",
	"wolfhud_hudlist_show_special_pickups_title" : "显示可捡起的特殊物品",
	"wolfhud_hudlist_show_special_pickups_desc" : "显示地图上所有的化学品、钥匙卡和其他的材料数量.",
	"wolfhud_hudlist_show_mission_pickups_title" : "显示任务的特殊物品",
	"wolfhud_hudlist_show_mission_pickups_desc" : "在地图上显示化学品，钥匙卡，木板和其他任务特殊物品的数量.",
	"wolfhud_hudlist_show_collectables_pickups_title" : "显示收藏品",
	"wolfhud_hudlist_show_collectables_pickups_desc" : "显示地图上盖奇包、特别行动任务的武器箱/钥匙之类物品的数量.",
	"wolfhud_hudlist_show_valuables_pickups_title" : "显示特殊战利品",
	"wolfhud_hudlist_show_valuables_pickups_desc" : "显示有价值的物品，如地图上的钱包或项链.",

	"wolfhud_infopanels_buff_options_name" : "Buff列表选项",
	"wolfhud_infopanels_buff_options_help" : "关于BUFF信息列表的选项.",

	"wolfhud_infopanels_buff_mastermind_options_name" : "黑手技能",
	"wolfhud_infopanels_buff_mastermind_options_help" : "启用或禁用显示黑手技能BUFF。\n(需要重新载入使其生效...)",
	"wolfhud_infopanels_buff_enforcer_options_name" : "暴徒技能",
	"wolfhud_infopanels_buff_enforcer_options_help" : "启用或禁用显示暴徒技能BUFF。\n(需要重新载入使其生效...)",
	"wolfhud_infopanels_buff_technician_options_name" : "技师技能",
	"wolfhud_infopanels_buff_technician_options_help" : "启用或禁用显示技师技能BUFF。\n(需要重新载入使其生效...)",
	"wolfhud_infopanels_buff_ghost_options_name" : "幽灵技能",
	"wolfhud_infopanels_buff_ghost_options_help" : "启用或禁用显示幽灵技能BUFF。\n(需要重新载入使其生效...)",
	"wolfhud_infopanels_buff_fugitive_options_name" : "逃犯技能",
	"wolfhud_infopanels_buff_fugitive_options_help" : "启用或禁用显示逃犯技能BUFF。\n(需要重新载入使其生效...)",
	"wolfhud_infopanels_buff_perkdecks_options_name" : "天赋牌组",
	"wolfhud_infopanels_buff_perkdecks_options_help" : "启用或禁用显示天赋牌组技能BUFF。\n(需要重新载入使其生效...)",
	"wolfhud_infopanels_buff_gageboosts_options_name" : "盖奇加强",
	"wolfhud_infopanels_buff_gageboosts_options_help" : "启用或禁用显示盖奇加强.",
	"wolfhud_infopanels_buff_henchmen_options_name" : "AI技能或加成",
	"wolfhud_infopanels_buff_henchmen_options_help" : "启用或禁用显示AI技能或加成.",

	"wolfhud_hudlist_show_buffs_title" : "显示Buffs",
	"wolfhud_hudlist_show_buffs_desc" : "在屏幕的底部中间，显示激活的Buff",
	"wolfhud_hudlist_damage_increase_compbuff_title" : "伤害提升Buff",
	"wolfhud_hudlist_damage_increase_compbuff_desc" : "综合Buff项目，显示已加入的所有的技能伤害提高值.",
	"wolfhud_hudlist_damage_reduction_compbuff_title" : "伤害减免Buff",
	"wolfhud_hudlist_damage_reduction_compbuff_desc" : "综合Buff项目，显示已加入的所有的技能伤害减免值.",
	"wolfhud_hudlist_melee_damage_increase_compbuff_title" : "近战伤害提高Buff",
	"wolfhud_hudlist_melee_damage_increase_compbuff_desc" : "综合Buff项目，显示已加入的所有的技能近战伤害提高值.",
	"wolfhud_hudlist_passive_health_regen_compbuff_title" : "被动生命恢复",
	"wolfhud_hudlist_passive_health_regen_compbuff_desc" : "综合Buff项目，显示已加入的所有的技能生命恢复效果值.",
	"wolfhud_hudlist_total_dodge_chance_compbuff_title" : "总闪避几率",
	"wolfhud_hudlist_total_dodge_chance_compbuff_desc" : "综合Buff项目，显示所有闪避增加技能的附加值.",
	"wolfhud_hudlist_aggressive_reload_aced_buff_title" : "迅猛装填",
	"wolfhud_hudlist_aggressive_reload_aced_buff_desc" : "",
	"wolfhud_hudlist_ammo_efficiency_buff_title" : "节约弹药",
	"wolfhud_hudlist_ammo_efficiency_buff_desc" : "",
	"wolfhud_hudlist_armor_break_invulnerable_buff_title" : "闪电战(反动派)",
	"wolfhud_hudlist_armor_break_invulnerable_buff_desc" : "",
	"wolfhud_hudlist_berserker_buff_title" : "狂战士",
	"wolfhud_hudlist_berserker_buff_desc" : "这是狂战士综合buff.",
	"wolfhud_hudlist_biker_buff_title" : "远景眺望（飞车党回复）",
	"wolfhud_hudlist_biker_buff_desc" : "",
	"wolfhud_hudlist_bloodthirst_basic_buff_title" : "嗜血(基础)",
	"wolfhud_hudlist_bloodthirst_basic_buff_desc" : "这是嗜血综合buff.",
	"wolfhud_hudlist_bloodthirst_aced_buff_title" : "嗜血(精通)",
	"wolfhud_hudlist_bloodthirst_aced_buff_desc" : "",
	"wolfhud_hudlist_bullet_storm_buff_title" : "子弹风暴",
	"wolfhud_hudlist_bullet_storm_buff_desc" : "",
	"wolfhud_hudlist_close_contact_buff_title" : "近身格斗术（渗透者）",
	"wolfhud_hudlist_close_contact_buff_desc" : "靠近敌人时，受到伤害减少.",
	"wolfhud_hudlist_combat_medic_buff_title" : "战地医疗（主动）",
	"wolfhud_hudlist_combat_medic_buff_desc" : "这是战地医疗综合buff.",
	"wolfhud_hudlist_combat_medic_passive_buff_title" : "战地医疗(被动)",
	"wolfhud_hudlist_combat_medic_passive_buff_desc" : "这是战地医疗综合buff.",
	"wolfhud_hudlist_desperado_buff_title" : "亡命之徒",
	"wolfhud_hudlist_desperado_buff_desc" : "",
	"wolfhud_hudlist_die_hard_buff_title" : "威武不屈",
	"wolfhud_hudlist_die_hard_buff_desc" : "这是威武不屈综合buff.",
	"wolfhud_hudlist_dire_need_buff_title" : "缓兵之计",
	"wolfhud_hudlist_dire_need_buff_desc" : "",
	"wolfhud_hudlist_frenzy_buff_title" : "狂乱",
	"wolfhud_hudlist_frenzy_buff_desc" : "这是狂乱综合buff.",
	"wolfhud_hudlist_grinder_buff_title" : "冲锋手回血",
	"wolfhud_hudlist_grinder_buff_desc" : "",
	"wolfhud_hudlist_chico_injector_buff_title" : "注射器持续时间（金并）",
	"wolfhud_hudlist_chico_injector_buff_desc" : "",
	"wolfhud_hudlist_hostage_situation_buff_title" : "劫持事件（领队）",
	"wolfhud_hudlist_hostage_situation_buff_desc" : "劫持事件综合buff.",
	"wolfhud_hudlist_hostage_taker_buff_title" : "绑架大师",
	"wolfhud_hudlist_hostage_taker_buff_desc" : "",
	"wolfhud_hudlist_inspire_buff_title" : "领袖鼓舞（增速）",
	"wolfhud_hudlist_inspire_buff_desc" : "",
	"wolfhud_hudlist_lock_n_load_buff_title" : "子弹上膛",
	"wolfhud_hudlist_lock_n_load_buff_desc" : "",
	"wolfhud_hudlist_melee_stack_damage_buff_title" : "近战攻击命中加伤叠加（渗透者）",
	"wolfhud_hudlist_melee_stack_damage_buff_desc" : "近战攻击每次命中后在7秒内提供额外伤害加成，可叠加4次",
	"wolfhud_hudlist_maniac_buff_title" : "出声者死（反社会减伤）",
	"wolfhud_hudlist_maniac_buff_desc" : "",
	"wolfhud_hudlist_muscle_regen_buff_title" : "肌肉男回血",
	"wolfhud_hudlist_muscle_regen_buff_desc" : "",
	"wolfhud_hudlist_messiah_buff_title" : "弥赛亚",
	"wolfhud_hudlist_messiah_buff_desc" : "",
	"wolfhud_hudlist_overdog_buff_title" : "略占上风（渗透者）",
	"wolfhud_hudlist_overdog_buff_desc" : "",
	"wolfhud_hudlist_overkill_buff_title" : "Overkill",
	"wolfhud_hudlist_overkill_buff_desc" : "这是大开杀戒（Overkill）综合buff.",
	"wolfhud_hudlist_painkiller_buff_title" : "镇痛剂",
	"wolfhud_hudlist_painkiller_buff_desc" : "这是镇痛剂综合buff.",
	"wolfhud_hudlist_partner_in_crime_buff_title" : "犯罪团伙",
	"wolfhud_hudlist_partner_in_crime_buff_desc" : "这是犯罪团伙综合buff.",
	"wolfhud_hudlist_running_from_death_buff_title" : "逃离死劫",
	"wolfhud_hudlist_running_from_death_buff_desc" : "",
	"wolfhud_hudlist_quick_fix_buff_title" : "应急处理",
	"wolfhud_hudlist_quick_fix_buff_desc" : "这是应急处理综合buff.",
	"wolfhud_hudlist_second_wind_buff_title" : "卷土重来",
	"wolfhud_hudlist_second_wind_buff_desc" : "",
	"wolfhud_hudlist_sixth_sense_buff_title" : "第六感",
	"wolfhud_hudlist_sixth_sense_buff_desc" : "",
	"wolfhud_hudlist_sicario_dodge_buff_title" : "额外闪避加成（行者）",
	"wolfhud_hudlist_sicario_dodge_buff_desc" : "",
	"wolfhud_hudlist_smoke_screen_buff_title" : "烟雾弹（行者）",
	"wolfhud_hudlist_smoke_screen_buff_desc" : "",
	"wolfhud_hudlist_swan_song_buff_title" : "九命猫",
	"wolfhud_hudlist_swan_song_buff_desc" : "",
	"wolfhud_hudlist_tooth_and_claw_buff_title" : "张牙舞爪（杀手天赋回甲）",
	"wolfhud_hudlist_tooth_and_claw_buff_desc" : "",
	"wolfhud_hudlist_trigger_happy_buff_title" : "好战分子",
	"wolfhud_hudlist_trigger_happy_buff_desc" : "这是好战分子综合buff.",
	"wolfhud_hudlist_underdog_buff_title" : "落水狗",
	"wolfhud_hudlist_underdog_buff_desc" : "这是落水狗综合buff.",
	"wolfhud_hudlist_unseen_strike_buff_title" : "暗中打击",
	"wolfhud_hudlist_unseen_strike_buff_desc" : "",
	"wolfhud_hudlist_up_you_go_buff_title" : "重获新生",
	"wolfhud_hudlist_up_you_go_buff_desc" : "这是重获新生综合buff.",
	"wolfhud_hudlist_uppers_buff_title" : "兴奋剂",
	"wolfhud_hudlist_uppers_buff_desc" : "",
	"wolfhud_hudlist_yakuza_buff_title" : "回甲速度（极道）",
	"wolfhud_hudlist_yakuza_buff_desc" : "",
	"wolfhud_hudlist_anarchist_armor_recovery_debuff_title" : "求生欲望（反动派回甲）",
	"wolfhud_hudlist_anarchist_armor_recovery_debuff_desc" : "",
	"wolfhud_hudlist_ammo_give_out_debuff_title" : "弹药分享（赌徒）",
	"wolfhud_hudlist_ammo_give_out_debuff_desc" : "",
	"wolfhud_hudlist_bullseye_debuff_title" : "正中靶心",
	"wolfhud_hudlist_bullseye_debuff_desc" : "",
	"wolfhud_hudlist_inspire_debuff_title" : "春哥战吼",
	"wolfhud_hudlist_inspire_debuff_desc" : "",
	"wolfhud_hudlist_inspire_revive_debuff_title" : "战吼冷却",
	"wolfhud_hudlist_inspire_revive_debuff_desc" : "",
	"wolfhud_hudlist_life_drain_debuff_title" : "生命汲取（渗透者回血）",
	"wolfhud_hudlist_life_drain_debuff_desc" : "",
	"wolfhud_hudlist_medical_supplies_debuff_title" : "医疗补给（赌徒回血）",
	"wolfhud_hudlist_medical_supplies_debuff_desc" : "",
	"wolfhud_hudlist_sociopath_debuff_title" : "Regen Debuff（反社会恢复）",
	"wolfhud_hudlist_sociopath_debuff_desc" : "",
	"wolfhud_hudlist_armorer_teambuff_title" : "液态装甲（军械士）",
	"wolfhud_hudlist_armorer_teambuff_desc" : "",
	"wolfhud_hudlist_bulletproof_teambuff_title" : "震撼与敬畏",
	"wolfhud_hudlist_bulletproof_teambuff_desc" : "",
	"wolfhud_hudlist_crew_chief_teambuff_title" : "团队属性加成（领队）",
	"wolfhud_hudlist_crew_chief_teambuff_desc" : "这是领队天赋的复合Buff.",
	"wolfhud_hudlist_forced_friendship_teambuff_title" : "强制友谊",
	"wolfhud_hudlist_forced_friendship_teambuff_desc" : "",
	"wolfhud_hudlist_life_steal_gage_debuff_title" : "生命偷取（盖奇）",
	"wolfhud_hudlist_life_steal_gage_debuff_desc" : "",
	"wolfhud_hudlist_invulnerable_gage_buff_title" : "无敌（盖奇）",
	"wolfhud_hudlist_invulnerable_gage_buff_desc" : "",
	"wolfhud_hudlist_crew_inspire_debuff_title" : "精神鼓舞（AI全队技能）",
	"wolfhud_hudlist_crew_inspire_debuff_desc" : "",
	"wolfhud_hudlist_crew_throwable_regen_buff_title" : "囤积着（AI全队加成）",
	"wolfhud_hudlist_crew_throwable_regen_buff_desc" : "",
	"wolfhud_hudlist_crew_health_regen_buff_title" : "治疗者（AI全队加成）",
	"wolfhud_hudlist_crew_health_regen_buff_desc" : "",

	"wolfhud_waypoints_options_name" : "自定义标识选项",
	"wolfhud_waypoints_options_help" : "该选项用来配置一些自定义标识.",

	"wolfhud_waypoints_color_title" : "标识颜色",
	"wolfhud_waypoints_color_desc" : "为标识设置默认颜色.",
	"wolfhud_waypoints_show_ammo_bag_title" : "弹药包",
	"wolfhud_waypoints_show_ammo_bag_desc" : "为弹药包显示剩余百分比.",
	"wolfhud_waypoints_show_doc_bag_title" : "医疗箱标识",
	"wolfhud_waypoints_show_doc_bag_desc" : "为医疗箱显示剩余次数.",
	"wolfhud_waypoints_show_first_aid_kit_title" : "急救包",
	"wolfhud_waypoints_show_first_aid_kit_desc" : "为急救包显示技能作用范围.",
	"wolfhud_waypoints_show_body_bag_title" : "尸体袋箱",
	"wolfhud_waypoints_show_body_bag_desc" : "为尸体袋箱显示剩余尸体袋数量.",
	"wolfhud_waypoints_show_grenade_crate_title" : "投掷物补给箱",
	"wolfhud_waypoints_show_grenade_crate_desc" : "为投掷物补给箱显示剩余弹量.",
	"wolfhud_waypoints_show_sentries_title" : "哨戒机枪",
	"wolfhud_waypoints_show_sentries_desc" : "为哨戒机枪显示剩余弹量.",
	"wolfhud_waypoints_show_ecms_title" : "ECM",
	"wolfhud_waypoints_show_ecms_desc" : "为ECM显示剩余屏蔽或反馈时间.",
	"wolfhud_waypoints_show_timers_title" : "计时器",
	"wolfhud_waypoints_show_timers_desc" : "为计时器显示剩余时间与可用升级.",
	"wolfhud_waypoints_show_loot_title" : "战利品袋",
	"wolfhud_waypoints_show_loot_desc" : "为你附近的战利品袋显示战利品名称.",
	"wolfhud_waypoints_loot_icon_title" : "战利品",
	"wolfhud_waypoints_loot_icon_desc" : "在已打包的战利品上显示袋子图标.",
	"wolfhud_waypoints_loot_offset_title" : "战利品高度偏移",
	"wolfhud_waypoints_loot_offset_desc" : "设置战利品上文字的高度偏移量.",
	"wolfhud_waypoints_loot_bagged_offset_title" : "袋装战利品高度偏移",
	"wolfhud_waypoints_loot_bagged_offset_desc" : "设置袋装战利品上文字的高度偏移.",
	"wolfhud_waypoints_loot_angle_title" : "可见角度",
	"wolfhud_waypoints_loot_angle_desc" : "设置文本标签可见的角度.",
	"wolfhud_waypoints_show_special_equipment_title" : "显示特殊装备",
	"wolfhud_waypoints_show_special_equipment_desc" : "显示各种不同装备的标识。方便记住所有不同的位置.",
	"wolfhud_waypoints_show_minions_title" : "显示转化警察",
	"wolfhud_waypoints_show_minions_desc" : "在转化警察的头上显示名字，用颜色区别是谁转化了他，同时也显示他的击杀计数器.",
	"wolfhud_waypoints_show_pager_title" : "显示对讲机",
	"wolfhud_waypoints_show_pager_desc" : "显示激活的对讲机标识。当有人回答它时，会改变颜色.",

	"wolfhud_tabstats_options_name" : "TAB统计选项",
	"wolfhud_tabstats_options_help" : "配置你的TAB统计面板外观.",

	"wolfhud_tabstats_clock_mode_title" : "时间模式",
	"wolfhud_tabstats_clock_mode_desc" : "你想使用哪种时间模式?",
	"wolfhud_tabstats_clock_mode_a" : "12-h",
	"wolfhud_tabstats_clock_mode_b" : "24-h",
	"wolfhud_tabstats_clock_mode_c" : "劫案时间",
	"wolfhud_use_tabstats_title" : "使用TAB统计",
	"wolfhud_use_tabstats_desc" : "按TAB键显示统计数据，而不是普通的统计及任务简报。\n(需要重新载入使其生效...)",
	"wolfhud_tabstats_font_size_title" : "列表字体大小",
	"wolfhud_tabstats_font_size_desc" : "设置高级统计列表的字体大小。",
	"wolfhud_tabstats_color_title" : "列表颜色",
	"wolfhud_tabstats_color_desc" : "设置高级统计列表的颜色。",
	"wolfhud_tabstats_actual_mask_title" : "使用真实面具",
	"wolfhud_tabstats_actual_mask_desc" : "用你实际使用的面具代替你当前使用角色的图片。",
	"wolfhud_tabstats_numberic_loot_title" : "战利品计数器",
	"wolfhud_tabstats_numberic_loot_desc" : "停用袋子图标计数，直接用数字显示.",

	"wolfhud_crewloadout_options_name" : "队友装备选项",
	"wolfhud_crewloadout_options_help" : "选择在哪显示队友的装备和技能.",

	"wolfhud_crewloadout_lobby_title" : "在大厅显示",
	"wolfhud_crewloadout_lobby_desc" : "在大厅屏幕上添加一个按钮，可以显示你和你队友的装备.",
	"wolfhud_crewloadout_cs_lobby_title" : "在罪无止境大厅显示",
	"wolfhud_crewloadout_cs_lobby_desc" : "在罪无止境大厅的配置和奖励旁边添加一个新的标签.",
	"wolfhud_crewloadout_briefing_title" : "在简报中更换",
	"wolfhud_crewloadout_briefing_desc" : "替换任务简报中的默认“队友装备”面板.",
	"wolfhud_crewloadout_tabscreen_title" : "在标签屏幕上显示",
	"wolfhud_crewloadout_tabscreen_desc" : "在大厅中显示技能，天赋和当前玩家延迟。 \n（如果您使用Lobby Player Info的功能，则为禁用）",
    "wolfhud_profilemenu_replace_title" : "更换配置文件菜单",
    "wolfhud_profilemenu_replace_desc" : "用WolfHUD的配置文件菜单替换默认.",

	"wolfhud_dmgindicator_options_name" : "伤害指示器",
	"wolfhud_dmgindicator_options_help" : "为你的伤害指示器设置淡化时间、大小和颜色.",

	"wolfhud_show_dmg_indicator_title" : "动态伤害指示器",
	"wolfhud_show_dmg_indicator_desc" : "将4个静态伤害指示器，分成若干动态的，根据你的位置和造成伤害的方向进行移动.",
	"wolfhud_dmg_ind_time_title" : "指示器持续时间",
	"wolfhud_dmg_ind_time_desc" : "决定指示器显示的时间.",
	"wolfhud_dmg_ind_size_title" : "指示器大小",
	"wolfhud_dmg_ind_size_desc" : "决定指示器圆的大小以及位置。",
	"wolfhud_dmg_indicator_max_count_title" : "指示器最大数值",
	"wolfhud_dmg_indicator_max_count_desc" : "指定屏幕上伤害的最大值",
	"wolfhud_dmg_shield_color_title" : "护甲颜色",
	"wolfhud_dmg_shield_color_desc" : "这是当你的护甲未被消耗完、被击中时的颜色。",
	"wolfhud_dmg_health_color_title" : "血量颜色",
	"wolfhud_dmg_health_color_desc" : "当你无护甲，被击中时的血量颜色",
	"wolfhud_dmg_crit_color_title" : "低血量颜色",
	"wolfhud_dmg_crit_color_desc" : "当你的血量很低，且无护甲，再被击中时的颜色。",
	"wolfhud_dmg_vehicle_color_title" : "车辆颜色",
	"wolfhud_dmg_vehicle_color_desc" : "当你的驾驶车辆被击中时的颜色。",
	"wolfhud_dmg_friendlyfire_color_title" : "友军误伤颜色",
	"wolfhud_dmg_friendlyfire_color_desc" : "当你被队友所制造出来的火、爆炸受伤时的颜色。",

	"wolfhud_dmgpopup_options_name" : "敌人伤害弹窗",
	"wolfhud_dmgpopup_options_help" : "在敌人附近弹窗，显示所造成的伤害。",

	"wolfhud_show_dmg_popup_title" : "显示伤害弹窗",
	"wolfhud_show_dmg_popup_desc" : "开启伤害弹窗。",
	"wolfhud_dmg_popup_player" : "队友",
	"wolfhud_dmg_popup_all" : "每个人",
	"wolfhud_dmg_popup_scale_title" : "弹窗尺寸",
	"wolfhud_dmg_popup_scale_desc" : "改变伤害弹窗的大小。",
	"wolfhud_dmg_popup_skull_scale_title" : "头像图标大小",
	"wolfhud_dmg_popup_skull_scale_desc" : "击死时，改变头像图标的大小.",
	"wolfhud_dmg_popup_skull_align_title" : "头像图标对齐",
	"wolfhud_dmg_popup_skull_align_desc" : "击死时，改变头像图标的对齐方式.",
	"wolfhud_dmg_popup_time_title" : "弹窗时间",
	"wolfhud_dmg_popup_time_desc" : "决定弹窗滞留时间。",
	"wolfhud_dmg_popup_height_title" : "弹窗高度",
	"wolfhud_dmg_popup_height_desc" : "设置击中敌人时，弹窗所在的高度.",
	"wolfhud_dmg_popup_alpha_title" : "弹窗不透明度",
	"wolfhud_dmg_popup_alpha_desc" : "设置弹窗的不透明度.",
	"wolfhud_dmg_popup_color_title" : "击中身体弹窗颜色",
	"wolfhud_dmg_popup_color_desc" : "设置击中敌军身体时，弹出窗口的颜色。（除头部）",
	"wolfhud_dmg_popup_headshot_color_title" : "爆头弹窗颜色",
	"wolfhud_dmg_popup_headshot_color_desc" : "设置击中敌军头部时，弹出窗口的颜色。",

	"wolfhud_enemyhealthbar_options_name" : "敌人生命条",
	"wolfhud_enemyhealthbar_options_help" : "决定哪些类型敌人显示生命条。",

	"wolfhud_show_enemyhealthbar_title" : "显示敌人生命条",
	"wolfhud_show_enemyhealthbar_desc" : "瞄准敌人时，显示敌人生命条。\n(需要重新载入使其生效...)",
	"wolfhud_show_civhealthbar_title" : "平民生命条",
	"wolfhud_show_civhealthbar_desc" : "显示平民和队友AI的生命条。",
	"wolfhud_show_carhealthbar_title" : "显示车辆生命条",
	"wolfhud_show_carhealthbar_desc" : "为可驾驶的车辆显示生命条。",
	"wolfhud_show_healthbar_pointer_title" : "显示指针",
	"wolfhud_show_healthbar_pointer_desc" : "在血条下显示指针以指示当前血量",

	"wolfhud_interaction_options_name" : "互动选项",
	"wolfhud_interaction_options_help" : "选择你的个人喜好的互动方式。",

	"wolfhud_press2hold_lock_mode_title" : "锁定模式",
	"wolfhud_press2hold_lock_mode_desc" : "超过X秒锁定正在进行的互动。(进行)\n锁定超过X秒总时间的互动。(全部)",
	"wolfhud_press2hold_lock_mode_a" : "进行",
	"wolfhud_press2hold_lock_mode_b" : "全部",
	"wolfhud_press2hold_lock_mode_c" : "对讲机+开锁器",
	"wolfhud_press2hold_lock_mode_d" : "只有对讲机",
	"wolfhud_press2hold_min_timer_duration_title" : "最小锁定时间",
	"wolfhud_press2hold_min_timer_duration_desc" : "锁定互动的最小时间。",
	"wolfhud_press2hold_show_lockindicator_title" : "显示锁定指示器",
	"wolfhud_press2hold_show_lockindicator_desc" : "红圈表示互动被锁定/绿圈表示互动未被锁定。",
	"wolfhud_press2hold_equipment_cancel_title" : "放置装备中断",
	"wolfhud_press2hold_equipment_cancel_desc" : "放置装备时按一下自动按住(再按一下即可中断)",
	"wolfhud_press2hold_interrupt_hint_title" : "显示中断提示",
	"wolfhud_press2hold_interrupt_hint_desc" : "显示文本提醒你，按哪个键会打断你的互动。",
	"wolfhud_press2hold_show_timer_title" : "显示剩余时间",
	"wolfhud_press2hold_show_timer_desc" : "在互动圆圈内显示剩余时间。",
	"wolfhud_press2hold_show_circle_title" : "显示互动环",
	"wolfhud_press2hold_show_circle_desc" : "决定是否显示标准的互动圆圈。",
	"wolfhud_press2hold_circle_scale_title" : "圆圈大小",
	"wolfhud_press2hold_circle_scale_desc" : "缩放互动圆圈大小及中间计时器。",
	"wolfhud_press2hold_timer_scale_title" : "计时器大小",
	"wolfhud_press2hold_timer_scale_desc" : "中心计时器的缩放比例。",
	"wolfhud_press2hold_text_scale_title" : "文字大小",
	"wolfhud_press2hold_text_scale_desc" : "缩放圆圈下方的互动文本。",
	"wolfhud_press2hold_show_reload_circle_title" : "显示装填计时器",
	"wolfhud_press2hold_show_reload_circle_desc" : "决定是否显示装填时的计时器。",
	"wolfhud_press2hold_show_melee_circle_title" : "显示近战蓄力",
	"wolfhud_press2hold_show_melee_circle_desc" : "决定是否显示近战最大蓄力时的计时器。",
	"wolfhud_press2hold_timer_color_start_title" : "计时器开始颜色",
	"wolfhud_press2hold_timer_color_start_desc" : "设置计时器开始时的颜色。",
	"wolfhud_press2hold_timer_color_title" : "计时完成颜色",
	"wolfhud_press2hold_timer_color_desc" : "在时间到达完成时的颜色。\n（动作完成之时）",
	"wolfhud_press2hold_show_timer_outline_title" : "黑色轮廓",
	"wolfhud_press2hold_show_timer_outline_desc" : "在剩余时间文本周围显示黑色轮廓。",
	"wolfhud_doubletap_nades_stealth_title" : "隐身抑制能手",
	"wolfhud_doubletap_nades_stealth_desc" : "选中此项后，潜入时扔东西需要双击,以防止事故.",
	"wolfhud_hold_to_pick_title" : "自动拾取",
	"wolfhud_hold_to_pick_desc" : "当你按下互动键时，小的战利品将会被自动拾取.",

	"wolfhud_inventory_options_name" : "装备调整选项",
	"wolfhud_inventory_options_help" : "设置你的装备在游戏中的默认状态.",

	"wolfhud_equipment_senty_auto_ap_title" : "炮台自动开启AP模式",
	"wolfhud_equipment_senty_auto_ap_desc" : "如果你有相关技能，当炮台放置时，会自动开启AP模式。",
	"wolfhud_equipment_tripmine_auto_sensor_stealth_title" : "诡雷自动开启感应模式",
	"wolfhud_equipment_tripmine_auto_sensor_stealth_desc" : "当你在潜行中放置诡雷，诡雷将自动开启感应模式。",
	"wolfhud_equipment_ecm_feedback_disabled_stealth_title" : "关闭ECM反馈",
	"wolfhud_equipment_ecm_feedback_disabled_stealth_desc" : "当你在潜行过程中，ECM反馈会被关闭。",
	"wolfhud_equipment_shaped_charge_disabled_stealth_title" : "C4开门",
	"wolfhud_equipment_shaped_charge_disabled_stealth_desc" : "勾选后，您需要双击才能在潜行中部署。 \n以防止事故.",
	"wolfhud_equipment_keycard_doors_disabled_title" : "钥匙卡禁用",
	"wolfhud_equipment_keycard_doors_disabled_desc" : "越狱第二天需要天双击才能关闭门。\n以防止事故.",

	"wolfhud_gadget_options_name" : "武器配件设置",
	"wolfhud_gadget_options_help" : "自定义激光颜色.",

	"wolfhud_laser_autoon_title" : "自动打开激光",
	"wolfhud_laser_autoon_desc" : "每局开头前，自动将带有激光武器打开激光.",
	"wolfhud_show_angeled_sight_title" : "显示角度视野",
	"wolfhud_show_angeled_sight_desc" : "当启用角度视野时，你的手中的武器将会倾斜.",

	"wolfhud_gadget_player_laser_options_name" : "玩家的激光",
	"wolfhud_gadget_player_laser_options_help" : "设置自己的激光颜色.",
	"wolfhud_gadget_player_sentry_laser_options_name" : "玩家的哨戒机枪",
	"wolfhud_gadget_player_sentry_laser_options_help" : "设置你的哨戒机枪激光颜色.",
	"wolfhud_gadget_team_laser_options_name" : "队友的激光",
	"wolfhud_gadget_team_laser_options_help" : "设置队友的激光颜色.",
	"wolfhud_gadget_team_sentry_laser_options_name" : "队友哨戒机枪激光",
	"wolfhud_gadget_team_sentry_laser_options_help" : "设置队友哨戒机枪的激光颜色.",
	"wolfhud_gadget_sniper_laser_options_name" : "狙击手激光",
	"wolfhud_gadget_sniper_laser_options_help" : "设置狙击手的激光颜色.",
	"wolfhud_gadget_turret_laser_active_options_name" : "炮塔激光 (激活)",
	"wolfhud_gadget_turret_laser_active_options_help" : "设置炮塔激光的激光颜色.",
	"wolfhud_gadget_turret_laser_rearming_options_name" : "炮塔激光 (重新装弹)",
	"wolfhud_gadget_turret_laser_rearming_options_help" : "设置炮塔激光装填弹药时的激光颜色.",
	"wolfhud_gadget_turret_laser_mad_options_name" : "炮塔激光 (疯狂)",
	"wolfhud_gadget_turret_laser_mad_options_help" : "设置炮塔激光疯狂时的激光颜色.",
	"wolfhud_gadget_player_flashlight_options_name" : "玩家手电筒",
	"wolfhud_gadget_player_flashlight_options_help" : "设置你的手电筒.",
	"wolfhud_gadget_team_flashlight_options_name" : "队友手电筒",
	"wolfhud_gadget_team_flashlight_options_help" : "设置队友的手电筒.",

	"wolfhud_gadgets_beam_r_title" : "激光光束(红)",
	"wolfhud_gadgets_beam_r_desc" : "激光颜色的红色分量。",
	"wolfhud_gadgets_beam_g_title" : "激光光束(绿)",
	"wolfhud_gadgets_beam_g_desc" : "激光颜色的绿色分量。",
	"wolfhud_gadgets_beam_b_title" : "激光光束(蓝)",
	"wolfhud_gadgets_beam_b_desc" : "激光颜色的蓝色分量。",
	"wolfhud_gadgets_beam_a_title" : "激光光束透明度",
	"wolfhud_gadgets_beam_a_desc" : "激光光束的透明度。",
	"wolfhud_gadgets_dot_match_title" : "映射点颜色",
	"wolfhud_gadgets_dot_match_desc" : "激光点应匹配光束的颜色。",
	"wolfhud_gadgets_dot_r_title" : "激光点(红)",
	"wolfhud_gadgets_dot_r_desc" : "激光点颜色的红色分量。",
	"wolfhud_gadgets_dot_g_title" : "激光点(绿)",
	"wolfhud_gadgets_dot_g_desc" : "激光点颜色的绿色分量。",
	"wolfhud_gadgets_dot_b_title" : "激光点(蓝)",
	"wolfhud_gadgets_dot_b_desc" : "激光点颜色的蓝色分量。",
	"wolfhud_gadgets_dot_a_title" : "激光点透明度",
	"wolfhud_gadgets_dot_a_desc" : "激光点的透明度。",
	"wolfhud_gadgets_glow_match_title" : "光芒颜色",
	"wolfhud_gadgets_glow_match_desc" : "激光光芒应匹配光束的颜色。",
	"wolfhud_gadgets_glow_r_title" : "激光光芒(红)",
	"wolfhud_gadgets_glow_r_desc" : "激光光芒颜色的红色分量。",
	"wolfhud_gadgets_glow_g_title" : "激光光芒(绿)",
	"wolfhud_gadgets_glow_g_desc" : "激光光芒颜色的绿色分量。",
	"wolfhud_gadgets_glow_b_title" : "激光光芒(蓝)",
	"wolfhud_gadgets_glow_b_desc" : "激光光芒颜色的蓝色分量。",
	"wolfhud_gadgets_glow_a_title" : "激光光芒透明度",
	"wolfhud_gadgets_glow_a_desc" : "激光光芒的透明度",
	"wolfhud_gadgets_light_r_title" : "手电筒(红)",
	"wolfhud_gadgets_light_r_desc" : "手电筒颜色的红色分量。",
	"wolfhud_gadgets_light_g_title" : "手电筒(绿)",
	"wolfhud_gadgets_light_g_desc" : "手电筒颜色的绿色分量。",
	"wolfhud_gadgets_light_b_title" : "手电筒(蓝)",
	"wolfhud_gadgets_light_b_desc" : "手电筒颜色的蓝色分量。",
	"wolfhud_gadgets_light_brightness_title" : "手电筒亮度",
	"wolfhud_gadgets_light_brightness_desc" : "手电筒亮度。",
	"wolfhud_gadgets_light_angle_title" : "手电筒光照角度",
	"wolfhud_gadgets_light_angle_desc" : "手电筒的光照角度。",
	"wolfhud_gadgets_light_range_title" : "手电筒的照射范围",
	"wolfhud_gadgets_light_range_desc" : "手电筒可以覆盖的距离。",
	"wolfhud_gadgets_rainbow_enabled_title" : "启用虹光",
	"wolfhud_gadgets_rainbow_enabled_desc" : "启用虹光模式。",
	"wolfhud_gadgets_rainbow_frequency_title" : "虹光频率",
	"wolfhud_gadgets_rainbow_frequency_desc" : "配置虹光改变颜色的速度。",
	"wolfhud_gadgets_pulse_enabled_title" : "启用脉冲",
	"wolfhud_gadgets_pulse_enabled_desc" : "激活脉冲模式。",
	"wolfhud_gadgets_pulse_min_title" : "脉冲最小透明度",
	"wolfhud_gadgets_pulse_min_desc" : "最小透明度修正值。",
	"wolfhud_gadgets_pulse_max_title" : "脉冲最大透明度",
	"wolfhud_gadgets_pulse_max_desc" : "最大透明度修正值。",
	"wolfhud_gadgets_pulse_frequency_title" : "脉冲频率",
	"wolfhud_gadgets_pulse_frequency_desc" : "从最小透明度到最大透明度所需的脉冲时间.",

	"wolfhud_skipit_options_name" : "跳过选项",
	"wolfhud_skipit_options_help" : "自动跳过不必要的菜单，节省你的时间.",
	"wolfhud_assaultbanner_options_name" : "突击横幅选项",
	"wolfhud_assaultbanner_options_help" : "更改突击横幅的选项."
}
