{
	"menu_jowi" : "윅",
	"hud_int_hold_grab_the_bag" : "$BTN_INTERACT 키 를 눌러서 $BAG 를(을) 들기",

	"wolfhud_dialog_force_start_title" : "강제로 게임을 시작할까요?",
	"wolfhud_dialog_force_start_desc" : "정말로 강제로 게임을 시작하시겠습니까?\n이 기능을 잠수 플레이어, 버그걸린 로비일때만 사용해주세요.\n그리고 모든 플레이어가 무기를 바꿀 시간도 주시구요.\n\n감사합니다 :)",
	"wolfhud_dialog_install_title" : "설치: $NAME",
	"wolfhud_dialog_install_desc" : "'$NAME' 를(을) 설치하고 싶습니까?",
	"wolfhud_dialog_remind_later" : "다중에 다시 물어보기",
	"wolfhud_dialog_install_fed_inv_desc" : "Federal Inventory 는 인벤토리 아이템, 마스크 등을 풀 컬러 로 바꿔주는 모드입니다.\n 오버라이드 모드 이며, BLT 업데이터를 통해 자동으로 최신버젼을 다운로드합니다.",
	"wolfhud_dialog_rename_inv_tab" : "인벤토리 이름 바꾸기",
	"wolfhud_dialog_rename_inv_tab_desc" : "이 페이지의 인벤토리 이름을 정해주세요.",
	"wolfhud_dialog_save" : "저장",
	"woldhud_notification_disabled_override_title" : "WolfHUD: $NAME 는(은) 현재 비활성화 되있습니다.",
	"woldhud_notification_disabled_override_desc" : "설정을 원하신다면 여기를 눌러주세요.",
	"woldhud_notification_restart_override_title" : "WolfHUD: $NAME 는(은) 설치가 가능합니다.",
	"woldhud_notification_restart_override_desc" : "다운로드를 하기 위해서 게임을 다시 시작해 주세요.",

	"wolfhud_int_locked" : "$BTN_CANCEL 키 를 눌러서 취소하기",
	"wolfhud_int_locked_pager" : "PRESS $BTN_CANCEL TO INTERRUPT\n(TRIGGERS ALARM)",

	"wolfhud_buy_all_assets" : "모두 구매",
	"wolfhud_buy_all_assets_desc" : "모든 에셋을 구입합니다.",

	"wolfhud_preplanning_save" : "계획 저장",
	"wolfhud_preplanning_load" : "계획 불러오기",
	"wolfhud_preplanning_reset" : "계획 초기화",
	"wolfhud_preplanning_reset_all" : "모든 계획 초기화",
	"wolfhud_preplanning_delete" : "계획 삭제",
	"wolfhud_preplanning_save_tooltip_title" : "계획 저장:",
	"wolfhud_preplanning_save_tooltip_desc" : "당신이 산 계획을 다음에 이 미션을 다시 플레이할때 를 위해서 저장합니다.",
	"wolfhud_preplanning_load_tooltip_title" : "계획 불러오기:",
	"wolfhud_preplanning_load_tooltip_desc" : "당신이 저장한 계획을 불러올 메뉴 입니다.",
	"wolfhud_preplanning_reset_tooltip_title" : "계획 초기화:",
	"wolfhud_preplanning_reset_tooltip_desc" : "당신이 산 모든 계획, 투표를 초기화합니다.",
	"wolfhud_preplanning_reset_all_tooltip_title" : "모든 계획 초기화:",
	"wolfhud_preplanning_reset_all_tooltip_desc" : "이 방에 있는 모든 사람의 계획을 초기합니다.",
	"wolfhud_preplanning_delete_tooltip_title" : "저장된 계획 삭제",
	"wolfhud_preplanning_delete_tooltip_desc" : "당신이 저장환 계획을 삭제합니다.",
	"wolfhud_preplanning_manager_title" : "사전 계획 관리자",
	"wolfhud_preplanning_error_no_saved_plans" : "저장된 계획이 없습니다.",
	"wolfhud_preplanning_error_max_plans_reached" : "최대 저장할 수 있는 계획 수 를 초과했습니다.",
	"wolfhud_preplanning_votes_title" : "투표:",
	"wolfhud_preplanning_assets_title" : "에셋:",
	"wolfhud_preplanning_dialog_save" : "계획을 저장하시겠습니까?",
	"wolfhud_preplanning_dialog_save_desc" : "$계획\n\n\n저장할 계획 이름을 적어주세요.\n(이미 있는 이름일 경우 그 계획을 덮어쓰게 됩니다.)",
	"wolfhud_preplanning_dialog_delete" : "계획을 삭제합니까?",
	"wolfhud_preplanning_dialog_delete_desc" : "정말로 '$NAME' 을(를) 삭제하시겠습니까?",
	"wolfhud_preplanning_msg_saved_success" : "계획이 저장되었습니다.",
	"wolfhud_preplanning_msg_saved_failed" : "계획을 저장하는 도중에 오류가 발생하였습니다.",
	"wolfhud_preplanning_msg_no_save_slot" : "최대 저장할 수 있는 계획 수 를 초과했습니다.",
	"wolfhud_preplanning_msg_no_current_plan" : "현재 당신이 산 계획이 없어서 저장이 불가능합니다.",
	"wolfhud_preplanning_msg_loaded_success" : "계획 불러오기 성공.",
	"wolfhud_preplanning_msg_loaded_failed" : "계획을 불러오는 도중에 오류가 발생하였습니다.",
	"wolfhud_preplanning_msg_loaded_partitially" : "계획이 부분정도 불러와졌습니다 : $ERRORMSG",
	"wolfhud_preplanning_msg_loaded_missing_skill" : "해당하는 스킬이 없습니다",
	"wolfhud_preplanning_msg_loaded_missing_favours" : "특권 포인트가 부족합니다",
	"wolfhud_preplanning_msg_loaded_missing_money" : "돈이 부족합니다",
	"wolfhud_preplanning_msg_reseted_success" : "계획이 초기화 되었습니다.",
	"wolfhud_preplanning_msg_reseted_failed" : "계획을 초기화 하는 도중에 오류가 발생하였습니다.",
	"wolfhud_preplanning_msg_deleted_success" : "계획이 삭제되었습니다.",
	"wolfhud_preplanning_msg_deleted_failed" : "저장된 계획을 삭제하는 도중에 오류가 발생하였습니다.",

	"wolfhud_inv_tab_rename_hint" : "Double click the selected Inventory tab to rename it.",

	"wolfhud_loadout_hours_played" : "$HOURS hrs.",

    "wolfhud_profile_switch_title" : "Switch Profiles",
    "wolfhud_profile_switch_title_profiles" : "Profile:",

	"victory_most_damage" : "Highest Damage:",
	"victory_session_damage" : "Total Damage:",

	"wolfhud_advassault_phase_title" : "습격 타입: ",
	"wolfhud_advassault_spawns_title" : "남은 스폰: ",
	"wolfhud_advassault_time_title" : "남은 시간: ",
	"wolfhud_advassault_phase_anticipation" : "Anticipation",
	"wolfhud_advassault_phase_build" : "빌드",
	"wolfhud_advassault_phase_sustain" : "지속",
	"wolfhud_advassault_phase_fade" : "페이드",
	"wolfhud_advassault_time_overdue" : "OVERDUE",
	"wolfhud_locked_assault" : "끝이 없는 습격 입니다! 최대한 빨리 탈출하십시오!",

	"wolfhud_customhud_interaction_done" : "완료",
	"wolfhud_customhud_interaction_aborted" : "취소됨",

	"wolfhud_hudlist_device_timer" : "타이머",
	"wolfhud_hudlist_device_drill" : "드릴",
	"wolfhud_hudlist_device_hack" : "해킹",
	"wolfhud_hudlist_device_saw" : "톱",
	"wolfhud_hudlist_loot_armor" : "방탄복",
	"wolfhud_hudlist_loot_bomb" : "폭탄",
	"wolfhud_hudlist_loot_weapon" : "무기",
	"wolfhud_hudlist_loot_diamond" : "다이아몬드",
	"wolfhud_hudlist_loot_evidence" : "증거물",
	"wolfhud_hudlist_loot_toast" : "토스트",
	"wolfhud_hudlist_loot_crate" : "상자",
	"wolfhud_hudlist_loot_toothbrush" : "Brush",
	"wolfhud_hudlist_loot_bag" : "Bag",
	"wolfhud_hudlist_loot_shoes" : "Shoes",
	"wolfhud_hudlist_loot_toy" : "Toy",
	"wolfhud_hudlist_loot_vr" : "Headset",

	"wolfhud_hudlist_buff_basic" : "베이직",
	"wolfhud_hudlist_buff_aced" : "에이스",
	"wolfhud_hudlist_buff_boost" : "부스트",
	"wolfhud_hudlist_buff_revive" : "인스파이어",
	"wolfhud_hudlist_buff_crew_inspire_debuff" : "Revive (AI)",
	"wolfhud_hudlist_buff_dmg_inc" : "+데미지",
	"wolfhud_hudlist_buff_dmg_dec" : "-데미지",
	"wolfhud_hudlist_buff_mdmg_inc" : "+근접데미지",
	"wolfhud_hudlist_buff_phealth_reg" : "+HP",
	"wolfhud_hudlist_buff_tot_dodge" : "%Dodge",

	"wolfhud_tabstats_total_damage" : "총 데미지:",
	"wolfhud_tabstats_tanks_killed" : "불도저 사살 수:",
	"wolfhud_tabstats_cloakers_killed" : "클로커 사살 수:",
	"wolfhud_tabstats_shields_killed" : "쉴드 사살 수:",
	"wolfhud_tabstats_snipers_killed" : "스나이퍼 사살 수:",
	"wolfhud_tabstats_tasers_killed" : "테이져 사살 수:",
	"wolfhud_tabstats_gensec_killed" : "젠섹 사살 수:",
	"wolfhud_tabstats_medic_killed" : "메딕 사살 수:",
	"wolfhud_tabstats_melee_kills" : "근접 사살 수:",
	"wolfhud_tabstats_explosion_kills" : "폭팔 사살 수:",
	"wolfhud_tabstats_nonspecial_kills" : "일반경찰 사살 수:",
	"wolfhud_tabstats_total_revives" : "총 살려낸 팀원 (플레이어/봇):",
	"wolfhud_tabstats_alltime_stat" : "합계:",

	"wolfhud_enemy_civilian" : "시민",
	"wolfhud_enemy_gangster" : "갱스터",
	"wolfhud_enemy_biker" : "바이커",
	"wolfhud_enemy_bolivian_security" : "Sosa Security",
	"wolfhud_enemy_bolivian_thug" : "Sosa Thug",
	"wolfhud_enemy_mobster" : "러시안 몹스터",
	"wolfhud_enemy_security" : "경비원",
	"wolfhud_enemy_gensec" : "젠섹 유닛",
	"wolfhud_enemy_cop" : "일반 경찰",
	"wolfhud_enemy_fbi" : "FBI 유닛",
	"wolfhud_enemy_swat" : "스왓 유닛",
	"wolfhud_enemy_heavy_swat" : "해비 스왓",
    "wolfhud_enemy_heavy_swat_sniper" : "Heavy SWAT Sniper",
	"wolfhud_enemy_city_swat" : "엘리트 스왓",
	"wolfhud_enemy_shield" : "쉴드",
	"wolfhud_enemy_spook" : "클로커",
	"wolfhud_enemy_taser" : "테이져",
	"wolfhud_enemy_sniper" : "스나이퍼",
	"wolfhud_enemy_medic" : "메딕",
	"wolfhud_enemy_tank" : "불도저",
	"wolfhud_enemy_tank_hw" : "머리없는 도저",
	"wolfhud_enemy_tank_medic" : "Medic Dozer",
	"wolfhud_enemy_tank_mini" : "Minigun Dozer",
	"wolfhud_enemy_phalanx_minion" : "윈터즈 쉴드",
	"wolfhud_enemy_phalanx_vip" : "캡틴 윈터즈",
	"wolfhud_enemy_swat_van" : "스왓 터렛",
	"wolfhud_enemy_ceiling_turret" : "터렛",
	"wolfhud_enemy_sentry_gun" : "센트리 건",
	"wolfhud_enemy_mobster_boss" : "커미사르",
	"wolfhud_enemy_chavez_boss" : "Chavez",
	"wolfhud_enemy_druglord_boss" : "Sosa Boss",
	"wolfhud_enemy_druglord_boss_stealth" : "Sosa Boss",
	"wolfhud_enemy_biker_boss" : "바이커 두목",
	"wolfhud_enemy_bank_manager" : "은행 관리원",
	"wolfhud_enemy_inside_man" : "내부자",
	"wolfhud_enemy_escort_undercover" : "택스맨",
	"wolfhud_enemy_escort_heatstreet" : "Matt",
	"wolfhud_enemy_escort_chinese_prisoner" : "Kazo",
	"wolfhud_enemy_drunk_pilot" : "취한 파일럿",
	"wolfhud_enemy_escort" : "호위자",
	"wolfhud_enemy_boris" : "보리스",
	"wolfhud_enemy_spa_vip" : "Charon",
	"wolfhud_enemy_spa_vip_hurt" : "Charon (Hurt)",
	"wolfhud_enemy_old_hoxton_mission" : "혹스턴",
	"wolfhud_enemy_locke_mission" : "로크",
	"wolfhud_enemy_hector_boss" : "무장한 헥터",
	"wolfhud_enemy_hector_boss_no_armor" : "헥터",
	"wolfhud_enemy_crew" : "팀 멤버",
	"wolfhud_enemy_butler" : "Aldstone",
	"wolfhud_enemy_vlad" : "Vlad",

	"wolfhud_enemy_boom" : "Grenadier",
	"wolfhud_enemy_omnia_lpf" : "OMNIA L.P.F.",
	"wolfhud_enemy_summers" : "Captain Summers",
	"wolfhud_enemy_boom_summers" : "Major Molly",
	"wolfhud_enemy_taser_summers" : "Engineer Electrika",
	"wolfhud_enemy_medic_summers" : "Sergeant Doc",
	"wolfhud_enemy_spring" : "Captain Spring",
	"wolfhud_enemy_fbi_vet" : "Veteran Cop",

	"wolfhud_multiselect_all" : "모두",
	"wolfhud_multiselect_none" : "없음",
	"wolfhud_multiselect_disabled" : "비활성화",
	"wolfhud_multiselect_random" : "Random",
	"wolfhud_multiselect_left" : "왼쪽",
	"wolfhud_multiselect_center" : "가운데",
	"wolfhud_multiselect_right" : "오른쪽",

	"wolfhud_colors_white"  : "하얀색",
	"wolfhud_colors_light_yellow"  : "연한 노란색",
	"wolfhud_colors_light_orange"  : "연한 주황색",
	"wolfhud_colors_light_red"  : "연한 빨간색",
	"wolfhud_colors_light_purple"  : "연한 보라색",
	"wolfhud_colors_light_green"  : "연한 초록색",
	"wolfhud_colors_light_blue"  : "연한 파란색",
	"wolfhud_colors_light_gray" : "연한 회색",
	"wolfhud_colors_yellow"  : "노란색",
	"wolfhud_colors_orange"  : "주황색",
	"wolfhud_colors_red" : "빨간색",
	"wolfhud_colors_purple" : "보라색",
	"wolfhud_colors_green" : "초록색",
	"wolfhud_colors_blue" : "파란색",
	"wolfhud_colors_gray" : "회색",
	"wolfhud_colors_black" : "검은색",
	"wolfhud_colors_rainbow" : "무지개색",

	"wolfhud_options_name" : "WolfHUD 설정",
	"wolfhud_options_help" : "WolfHUD 를 설정하는 곳 입니다.",

	"wolfhud_skip_blackscreen_title" : "검은화면 스킵",
	"wolfhud_skip_blackscreen_desc" : "자동으로 검은 화면(미션시작)을 스킵합니다.\n(방장 전용)",
	"wolfhud_instant_restart_title" : "Instant Restart",
	"wolfhud_instant_restart_desc" : "Automatically skips the 5 second timer before a restart in online lobbies.\n(Host only)",
	"wolfhud_stat_screen_speedup_title" : "Stat Screen Speed Up",
	"wolfhud_stat_screen_speedup_desc" : "Automatically speed up the experience counting, without needing to hold down space.",
	"wolfhud_stat_screen_delay_title" : "정보 화면 딜레이",
	"wolfhud_stat_screen_delay_desc" : "총 얻은 EXP가 표기 완료되면 X 초 후에 자동으로 넘어갑니다.\n(방장 전용, 0 = 비활성화) ",
	"wolfhud_loot_screen_pick_card_title" : "카드 자동 고르기",
	"wolfhud_loot_screen_pick_card_desc" : "카드 화면이 나오면 자동으로 카드를 고릅니다.",
	"wolfhud_loot_screen_pick_specific_card_title" : "Auto pick specific card",
	"wolfhud_loot_screen_pick_specific_card_desc" : "Specify which card to pick automatically.",
	"wolfhud_loot_screen_delay_title" : "카드 화면 딜레이",
	"wolfhud_loot_screen_delay_desc" : "X 초 후에 다음화면 으로 넘어갑니다.\n(방장 전용, 0 = 비활성화)",
	"wolfhud_replace_weapon_names_title" : "현실 무기 이름",
	"wolfhud_replace_weapon_names_desc" : "무기 이름을 현실에 존재하는 무기 이름으로 바꿉니다.\n(맵을 바꿔야 적용됩니다...)",
	"wolfhud_inventory_tab_names_title" : "인벤토리 탭 이름 사용",
	"wolfhud_inventory_tab_names_desc" : "인벤토리 탭 이름을 사용자 지정으로 바꿉니다.\n(이름은 '/mods/saves/WolfHUD_InventoryNames.txt' 에서 바꿀 수 있습니다.)",
	"wolfhud_inventory_names_title" : "인벤토리 이름 표시",
	"wolfhud_inventory_names_desc" : "인벤토리 아이템 박스 안에 무기이름, 아이템이름 등을 표시합니다.",
	"wolfhud_skill_names_title" : "스킬 이름 표시",
	"wolfhud_skill_names_desc" : "항상 스킬창에서 스킬 이름이 표시됩니다.\n(기본적으로 마우스 커서를 올려야 스킬 이름이 표시됩니다)",
	"wolfhud_show_mini_icons_title" : "작은 아이콘 표시",
	"wolfhud_show_mini_icons_desc" : "개조된 무기 모드를 항상 박스 안에 표시합니다.\n(기본적으로 선택해야 모드가 표시됩니다)",
	"wolfhud_no_slowmotion_title" : "슬로우 모션 비활성화",
	"wolfhud_no_slowmotion_desc" : "다운되거나 마스크 쓸때 나오는 슬로우 모션을 비활성화 합니다.",
	"wolfhud_reset_options_title" : "설정 초기화",
	"wolfhud_reset_options_desc" : "모든 설정을 기본값으로 초기화시킵니다.",
	"wolfhud_reset_options_confirm" : "정말로 모든 설정을 기본값으로 되돌리시겠습니까?",

	"wolfhud_panels_options_name" : "일반 HUD 패널 설정",
	"wolfhud_panels_options_help" : "CustomHUD, 의심도, 데미지 인디케이터 등을 설정합니다.",

	"wolfhud_use_customhud_title" : "CustomHUD 를 사용합니다",
	"wolfhud_use_customhud_desc" : "Se7en 님이 만든 고급 CustomHUD 를 사용합니다.\n(맵을 바꿔야 적용됩니다...)",
	"wolfhud_adv_assault_title" : "자세한 어설트 배너",
	"wolfhud_adv_assault_desc" : "어설트 상태, 남은 스폰 등을 표시합니다.\n(방장 전용)",
	"wolfhud_assault_position_title": "어설트 배너 위치",
	"wolfhud_assault_position_desc" : "어설트 배너 위치를 설정합니다.",
	"wolfhud_pacified_civs_title" : "엎드린 시민 마크",
	"wolfhud_pacified_civs_desc" : "시민이 엎드리면 느낌표 대신에 체크마크를 표시합니다.",
	"wolfhud_use_realammo_title" : "탄약 표시",
	"wolfhud_use_realammo_desc" : "탄약 표시를 다른게임처럼(예 : C-S:S) 표시합니다.",
	"wolfhud_enable_burstmode_title" : "점사 모드",
	"wolfhud_enable_burstmode_desc" : "당신의 무기에 점사 모드를 활성화시킵니다.",

	"wolfhud_playerpanel_options_name" : "플레이어 패널",
	"wolfhud_playerpanel_options_help" : "당신의 HUD 패널을 설정합니다.",

	"wolfhud_teampanels_options_name" : "팀 패널",
	"wolfhud_teampanels_options_help" : "팀원의 HUD 패널을 설정합니다.",

	"wolfhud_panels_position_title" : "패널 위치",
	"wolfhud_panels_position_desc" : "패널 위치를 설정합니다.",
	"wolfhud_panels_scale_title" : "크기",
	"wolfhud_panels_scale_desc" : "HUD 패널의 크기를 설정합니다.",
	"wolfhud_panels_oppacity_title" : "투명함",
	"wolfhud_panels_oppacity_desc" : "HUD 패널의 투명도를 설정합니다.",
	"wolfhud_panels_show_name_title" : "이름",
	"wolfhud_panels_show_name_desc" : "이름을 표시합니다.",
	"wolfhud_panels_show_rank_title" : "레벨",
	"wolfhud_panels_rank_name_desc" : "레벨을 표시합니다.",
	"wolfhud_panels_truncate_tags_title" : "Truncate tags",
	"wolfhud_panels_truncate_tags_desc" : "Try to truncate clan tags from player names.",
	"wolfhud_panels_show_char_title" : "캐릭터",
	"wolfhud_panels_show_char_desc" : "캐릭터를 표시합니다.",
	"wolfhud_panels_show_ping_title" : "핑",
	"wolfhud_panels_show_ping_desc" : "다른사람의 핑을 표시합니다.",
	"wolfhud_panels_show_status_title" : "플레이어 상태 표시",
	"wolfhud_panels_show_status_desc" : "플레이어의 체력, 방탄복 등을 표시합니다.",
	"wolfhud_panels_condition_icon_color_title" : "Condition Icon Color",
	"wolfhud_panels_condition_icon_color_desc" : "Set the color of the condition icon (downed, in custody, swan song, etc.)",
	"wolfhud_panels_show_equip_title" : "장비",
	"wolfhud_panels_show_equip_desc" : "플레이어의 장비를 표시합니다.",
	"wolfhud_panels_show_special_equip_title" : "특별한 장비",
	"wolfhud_panels_show_special_equip_desc" : "플레이어의 특별한 장비를 표시합니다.",
	"wolfhud_panels_special_equip_rows_title" : "Special Equipment Rows",
	"wolfhud_panels_special_equip_rows_desc" : "Number of Special Equipment Items that get placed in one column.",
	"wolfhud_panels_show_callsign_title" : "Show Callsign",
	"wolfhud_panels_show_callsign_desc" : "Show a callsign for that player.",
	"wolfhud_panels_show_stamina_title" : "스테미너 표시",
	"wolfhud_panels_show_stamina_desc" : "동그란 체력 바 안에 스테미너 원을 표시합니다.",
	"wolfhud_panels_show_downcounter_title" : "다운 된 횟수 표시",
	"wolfhud_panels_show_downcounter_desc" : "AI를 제외하고 다운된 횟수를 표시합니다. \n당신은 남은 다운횟수, 팀원은 총 다운된 횟수를 표시합니다.",
	"wolfhud_panels_show_carry_title" : "캐리 표시",
	"wolfhud_panels_show_carry_desc" : "팀원이 들고있는 가방이 어떤것인지 표시합니다.",
	"wolfhud_panels_build_show_title" : "빌드 표시",
	"wolfhud_panels_build_show_desc" : "참가중인 플레이어의 빌드를 표시합니다.",
	"wolfhud_panels_build_time_title" : "시간제한된 빌드 표시",
	"wolfhud_panels_build_time_desc" : "X 초 동안 빌드를 표시합니다.\n(0 = 무제한)",
	"wolfhud_panels_weapon_icon_title" : "무기 아이콘 표시",
	"wolfhud_panels_weapon_icon_desc" : "무기 아이콘을 표시합니다.",
	"wolfhud_panels_weapon_name_title" : "무기 이름 표시",
	"wolfhud_panels_weapon_name_desc" : "무기 이름을 표시합니다",
	"wolfhud_panels_weapon_ammo_title" : "무기 탄약 표시",
	"wolfhud_panels_weapon_ammo_desc" : "무기 탄약 표시 모드.",
	"wolfhud_panels_weapon_firemode_title" : "무기 발사모드 표시",
	"wolfhud_panels_weapon_firemode_desc" : "무기 발사모드를 표시합니다.",
	"wolfhud_panels_hide" : "숨기기",
	"wolfhud_panels_selected" : "선택된 것만",
	"wolfhud_panels_unselected" : "선택되지 않은 것만",
	"wolfhud_panels_both" : "모두",
	"wolfhud_panels_ammo_total" : "총 탄약 만",
	"wolfhud_panels_show_interaction_title" : "상호작용 표시",
	"wolfhud_panels_show_interaction_desc" : "팀원의 상호작용을 표시합니다.",
	"wolfhud_panels_show_interaction_number_title" : "Interaction Timer",
	"wolfhud_panels_show_interaction_number_desc" : "Show a numerical indicator",
	"wolfhud_panels_show_interaction_text_title" : "Interaction Text",
	"wolfhud_panels_show_interaction_text_desc" : "Show interaction text",
	"wolfhud_panels_interaction_time_title" : "최소 상호작용 시간",
	"wolfhud_panels_interaction_time_desc" : "팀원의 상호작용이 X 초 이상일 경우, 팀원 HUD 에 표시합니다.",
	"wolfhud_panels_use_ai_color_title" : "Use custom bot color",
	"wolfhud_panels_use_ai_color_desc" : "Use a custom color for the names of bots. (This also affects dmg popups)",
	"wolfhud_panels_ai_color_title" : "Custom bot color",
	"wolfhud_panels_ai_color_desc" : "Set the custom color to use for the names of bots. (This also affects dmg popups)",

	"wolfhud_chat_options_name" : "채팅 옵션",
	"wolfhud_chat_options_help" : "채팅창이 어떻게 표시될지 설정합니다.",

	"wolfhud_chat_waittime_title" : "채팅 페이드 시간",
	"wolfhud_chat_waittime_desc" : "X 초 후에 채팅이 사라집니다.\n(0 = 무제한)",
	"wolfhud_chat_fontsize_title" : "채팅 폰트 크기",
	"wolfhud_chat_fontsize_desc" : "인게임 채팅 폰트 크기.",
	"wolfhud_chat_outputlines_title" : "최대 줄 수",
	"wolfhud_chat_outputlines_desc" : "스크롤이 활성화되기전 까지의 채팅창 줄 수 를 설정합니다.",
	"wolfhud_spam_filter_title" : "채팅 도배 필터",
	"wolfhud_spam_filter_desc" : "PocoHUD, [NGBTO] 의 도배를 차단합니다.",
	"wolfhud_chat_width_title" : "Chat Width",
	"wolfhud_chat_width_desc" : "Width of the chat window",
	"wolfhud_chat_inputlines_title" : "Max Chat Input Lines",
	"wolfhud_chat_inputlines_desc" : "Number of lines of text you can type",
	"wolfhud_chat_colored_bg_title" : "Colored Background",
	"wolfhud_chat_colored_bg_desc" : "Colorize the line bg based on the message source",
	"wolfhud_chat_scrollbar_align_title" : "Scrollbar Align",
	"wolfhud_chat_scrollbar_align_desc" : "Alignment of the scroll bar",

	"wolfhud_suspicion_options_name" : "의심미터 옵션",
	"wolfhud_suspicion_options_help" : "의심미터, 의심도 등을 설정합니다.",

	"wolfhud_suspicion_scale_title" : "의심미터 크기",
	"wolfhud_suspicion_scale_desc" : "의심미터 크기를 설정합니다.",
	"wolfhud_susp_eye_title" : "기본 의심미터 표시",
	"wolfhud_susp_eye_desc" : "기본 의심미터를 표시합니다.",
	"wolfhud_susp_numberic_title" : "의심미터 숫자 표시",
	"wolfhud_susp_numberic_desc" : "의심도를 숫자로 표시합니다.",
	"wolfhud_susp_numberic_outline_title" : "Black outline",
	"wolfhud_susp_numberic_outline_desc" : "Show a black outline around the numeric Suspicion text.",

	"wolfhud_killcounter_options_name" : "킬 카운터 옵션",
	"wolfhud_killcounter_options_help" : "화면에 표시되는 킬 카운터를 설정합니다.",

	"wolfhud_killcounter_player_show_killcount_title" : "플레이어 킬 카운터 표시",
	"wolfhud_killcounter_player_show_killcount_desc" : "당신의 킬 카운터를 HUD 에 표시합니다.",
	"wolfhud_killcounter_player_color_title" : "킬 카운터 색 설정",
	"wolfhud_killcounter_player_color_desc" : "당신의 킬 카운터 색을 바꿉니다.",
	"wolfhud_killcounter_player_show_special_title" : "특수경찰 표시",
	"wolfhud_killcounter_player_show_special_desc" : "당신이 특수경찰을 죽인 수 를 따로 표시합니다",
	"wolfhud_killcounter_player_show_head_title" : "헤드샷 표시",
	"wolfhud_killcounter_player_show_head_desc" : "당신이 헤드샷으로 죽인 적을 따로 표시합니다.",
	"wolfhud_killcounter_player_show_accuracy_title" : "플레이어 명중률 표시",
	"wolfhud_killcounter_player_show_accuracy_desc" : "HUD 에 현재 당신의 명중률을 표시합니다.",
	"wolfhud_killcounter_team_show_killcount_title" : "팀원 킬 카운터 표시",
	"wolfhud_killcounter_team_show_killcount_desc" : "팀원의 킬 카운터를 팀원 HUD 에 표시합니다.",
	"wolfhud_killcounter_team_color_title" : "팀원 킬 카운터 색 설정",
	"wolfhud_killcounter_team_color_desc" : "팀원의 킬 카운터 색을 바꿉니다.",
	"wolfhud_killcounter_team_show_special_title" : "팀원 특수경찰 표시",
	"wolfhud_killcounter_team_show_special_desc" : "팀원이 죽인 특수경찰을 수 를 따로 표시합니다.",
	"wolfhud_killcounter_team_show_head_title" : "팀원 헤드샷 표시",
	"wolfhud_killcounter_team_show_head_desc" : "팀원이 헤드샷으로 죽인 적을 따로 표시합니다.",
	"wolfhud_killcounter_team_show_ai_title" : "AI 킬 카운터 표시",
	"wolfhud_killcounter_team_show_ai_desc" : "봇 킬 카운터를 표시합니다.",
	"wolfhud_corpse_limit_title" : "시체 제한",
	"wolfhud_corpse_limit_desc" : "한번에 시체 몇 구를 표시할 수 있는지 설정합니다.\n(맵을 바꿔야 적용됩니다...)",

	"wolfhud_drivinghud_options_name" : "DrivingHUD 옵션",
	"wolfhud_drivinghud_options_help" : "DrivingHUD 를 설정합니다",

	"wolfhud_show_drivinghud_title" : "DrivingHUD 사용하기",
	"wolfhud_show_drivinghud_desc" : "오른쪽 하단에 차량 허드를 표시합니다.\n(맵을 바꿔야 적용됩니다...)",
	"wolfhud_drivinghud_scale_title" : "크기",
	"wolfhud_drivinghud_scale_desc" : "DrivingHUD 의 크기를 설정합니다.",
	"wolfhud_drivinghud_show_vehicle_title" : "차량 이미지 표시하기",
	"wolfhud_drivinghud_show_vehicle_desc" : "차량 이미지, 타고있는 플레이어 마스크를 표시합니다.",
	"wolfhud_drivinghud_show_health_title" : "체력 표시",
	"wolfhud_drivinghud_show_health_desc" : "차량 체력 바 를 표시합니다.",
	"wolfhud_drivinghud_show_loot_title" : "루트 표시",
	"wolfhud_drivinghud_show_loot_desc" : "현재 차량에 싣고 있는 루트랑 최대 실을수 있는 루트를 표시합니다.",
	"wolfhud_drivinghud_show_passengers_title" : "승객 표시",
	"wolfhud_drivinghud_show_passengers_desc" : "현재 승객 몇 명이 타고있는지 표시합니다.",
	"wolfhud_drivinghud_show_gear_title" : "기어 표시",
	"wolfhud_drivinghud_show_gear_desc" : "현재 기어가 몇 단 인지 표시합니다.",
	"wolfhud_drivinghud_show_speed_title" : "속도 표시",
	"wolfhud_drivinghud_show_speed_desc" : "차량이 달리는 속도를 표시합니다.",
	"wolfhud_drivinghud_speed_in_mph_title" : "MPH 사용",
	"wolfhud_drivinghud_speed_in_mph_desc" : "속도를 MPH으로 표시합니다.\n(기본적으로 km/h 으로 표시됩니다.)",
	"wolfhud_drivinghud_show_rpm_title" : "RPM 표시",
	"wolfhud_drivinghud_show_rpm_desc" : "차량 RPM 을 표시합니다.",

	"wolfhud_infopanels_options_name" : "HUD 리스트 정보 옵션",
	"wolfhud_infopanels_options_help" : "화면 양옆에 나오는 HUD 리스트를 설정합니다.",

	"wolfhud_use_hudlist_title" : "HUDList 사용",
	"wolfhud_use_hudlist_desc" : "HUDList 는 드릴타이머, 경찰수 등을 표시합니다.\n(맵을 바꿔야 적용됩니다...)",
	"wolfhud_hudlist_scale_right_title" : "오른쪽 리스트 크기",
	"wolfhud_hudlist_scale_right_desc" : "HUD 오른쪽에 표시되는 리스트 크기를 설정합니다.",
	"wolfhud_hudlist_scale_left_title" : "왼쪽 리스트 크기",
	"wolfhud_hudlist_scale_left_desc" : "HUD 왼쪽에 표시되는 리스트 크기를 설정합니다.",
	"wolfhud_hudlist_scale_buff_title" : "버프 리스트 크기",
	"wolfhud_hudlist_scale_buff_desc" : "버프 리스트 크기를 설정합니다.",
	"wolfhud_hudlist_box_color_title" : "사각형 폰트 색",
	"wolfhud_hudlist_box_color_desc" : "양옆에 있는 사각형의 색을 설정합니다.\n(현재 맵을 바꿔야 적용됩니다...)",
	"wolfhud_hudlist_box_bg_color_title" : "사각형 배경 색",
	"wolfhud_hudlist_box_bg_color_desc" : "양옆에 있는 사각형의 배경 색을 설정합니다.\n(현재 맵을 바꿔야 적용됩니다...)",
	"wolfhud_hudlist_civcolor_title" : "시민 색",
	"wolfhud_hudlist_civcolor_desc" : "적 카운터 에 표시될 시민의 색을 바꿉니다.",
	"wolfhud_hudlist_thugcolor_title" : "몹스터 색",
	"wolfhud_hudlist_thugcolor_desc" : "적 카운터 에 표시될 갱, 몹스터의 색을 바꿉니다.",
	"wolfhud_hudlist_copcolor_title" : "적군 색",
	"wolfhud_hudlist_copcolor_desc" : "적 카운터 에 표시될 스왓, 헤비스왓 등의 색을 바꿉니다.",
	"wolfhud_hudlist_specialcolor_title" : "스페셜 색",
	"wolfhud_hudlist_specialcolor_desc" : "적 카운터 에 표시될 스페셜의 색을 바꿉니다.",
	"wolfhud_hudlist_progress_alpha_left_title" : "Left Progress Alpha",
	"wolfhud_hudlist_progress_alpha_left_desc" : "Alpha value for the progress bars on left list items.",
	"wolfhud_hudlist_progress_alpha_right_title" : "Right Progress Alpha",
	"wolfhud_hudlist_progress_alpha_right_desc" : "Alpha value for the progress bars on right list items.",
	"wolfhud_hudlist_progress_alpha_buff_title" : "Buff Progress Alpha",
	"wolfhud_hudlist_progress_alpha_buff_desc" : "Alpha value for the progress bars on buff list items.",

	"wolfhud_infopanels_left_options_name" : "왼쪽 리스트 옵션",
	"wolfhud_infopanels_left_options_help" : "왼쪽에 표시될 리스트들을 설정합니다.",

	"wolfhud_hudlist_show_timers_title" : "타이머 표시",
	"wolfhud_hudlist_show_timers_desc" : "드릴, 해킹 등의 시간이 얼마나 남아있는지 HUD 에 표시합니다.",
	"wolfhud_hudlist_show_equipment_desc" : "어떤 장비가 당신의 화면 오른쪽에 표시될지 설정합니다.",
	"wolfhud_hudlist_show_ammo_bags_title" : "탄약가방 표시",
	"wolfhud_hudlist_show_doc_bags_title" : "의료가방 표시",
	"wolfhud_hudlist_show_first_aid_kits_title" : "Show First Aid Kits",
	"wolfhud_hudlist_show_body_bags_title" : "시체가방 표시",
	"wolfhud_hudlist_show_grenade_crates_title" : "수류탄 상자 표시",
	"wolfhud_hudlist_sentries_title" : "센트리 표시",
	"wolfhud_hudlist_sentries_desc" : "센트리의 체력과 탄약을 표시합니다.",
	"wolfhud_hudlist_hide_empty_sentries_title" : "비어있는 센트리 숨기기",
	"wolfhud_hudlist_hide_empty_sentries_desc" : "탄약이 없는 센트리는 HUD 에 표시되지 않습니다.",
	"wolfhud_hudlist_show_ecms_title" : "ECM 재머 표시",
	"wolfhud_hudlist_show_ecms_desc" : "ECM 시간이 얼마나 남았는지 표시합니다.",
	"wolfhud_hudlist_show_ecm_retrigger_title" : "ECM 재머 재사용 표시",
	"wolfhud_hudlist_show_ecm_retrigger_desc" : "ECM 재머의 피드백을 언제 재사용 가능한지 표시합니다.",
	"wolfhud_hudlist_show_minions_title" : "조커 체력 표시",
	"wolfhud_hudlist_show_minions_desc" : "조커된 경찰의 체력을 표시합니다.",
	"wolfhud_hudlist_show_own_minions_only_title" : "Own Jokers Only",
	"wolfhud_hudlist_show_own_minions_only_desc" : "Only display your own jokered Cops.",
	"wolfhud_hudlist_show_pagers_title" : "페이저 표시",
	"wolfhud_hudlist_show_pagers_desc" : "페이저의 알람이 울리기 전 까지의 시간을 표시합니다.",
	"wolfhud_hudlist_show_tape_loop_title" : "카메라 루프 표시",
	"wolfhud_hudlist_show_tape_loop_desc" : "카메라 루프의 시간이 얼마나 남았는지 표시합니다.",
	"wolfhud_hudlist_remove_answered_pagers_title" : "페이저 아웃라인 비활성화",
	"wolfhud_hudlist_remove_answered_pagers_desc" : "다른 플레이어가 페이저를 받고 있으면 아웃라인을 비활성화 시킵니다.",

	"wolfhud_infopanels_right_options_name" : "오른쪽 리스트 옵션",
	"wolfhud_infopanels_right_options_help" : "오른쪽에 표시될 리스트들을 설정합니다..",

	"wolfhud_hudlist_show_enemies_title" : "적 표시",
	"wolfhud_hudlist_show_enemies_desc" : "맵에 적이 몇명 남았는지 표시합니다.",
	"wolfhud_hudlist_aggregate_enemies_title" : "모든 적 표시",
	"wolfhud_hudlist_aggregate_enemies_desc" : "모든 적군을 모아서 표시합니다.",
	"wolfhud_hudlist_show_turrets_title" : "터렛 표시",
	"wolfhud_hudlist_show_turrets_desc" : "맵에 터렛이 몇대 있는지 표시합니다.",
	"wolfhud_hudlist_show_civilians_title" : "시민 표시",
	"wolfhud_hudlist_show_civilians_desc" : "맵에 시민이 몇명 있는지 표시합니다. \n(인질 표시랑 다릅니다)",
	"wolfhud_hudlist_show_hostages_title" : "인질 표시",
	"wolfhud_hudlist_show_hostages_desc" : "맵에 인질이 몇명 있는지 표시합니다. \n(시민 표시랑 다릅니다)",
	"wolfhud_hudlist_aggregate_hostages_title" : "모든 인질 표시",
	"wolfhud_hudlist_aggregate_hostages_desc" : "모든 인질을 모아서 표시합니다.",
	"wolfhud_hudlist_show_minion_count_title" : "제압된 경찰 표시",
	"wolfhud_hudlist_show_minion_count_desc" : "맵에 제압된 경찰이 몇명 있는지 표시합니다.",
	"wolfhud_hudlist_show_pager_count_title" : "스텔스 리스트 표시",
	"wolfhud_hudlist_show_pager_count_desc" : "사용된 페이저, 카메라, 시체가방 등을 표시합니다.",
	"wolfhud_hudlist_show_cam_count_title" : "카메라 수 표시",
	"wolfhud_hudlist_show_cam_count_desc" : "스텔스 일 경우 총 카메라 몇 대가 작동중인지 표시합니다.",
	"wolfhud_hudlist_show_bodybags_count_title" : "시체가방 표시",
	"wolfhud_hudlist_show_bodybags_count_desc" : "스텔스 일 경우 HUD에 시체가방 수 를 표시합니다.",
	"wolfhud_hudlist_show_corpse_count_title" : "시체 표시",
	"wolfhud_hudlist_show_corpse_count_desc" : "스텔스 일 경우 현재 맵에 있는 시체, 가방에 담은 시체를 표시합니다.",
	"wolfhud_hudlist_show_loot_title" : "루트 표시",
	"wolfhud_hudlist_show_loot_desc" : "현재 맵에 있는 가방에 담을수 있는 루트를 표시합니다.",
	"wolfhud_hudlist_aggregate_loot_title" : "모든 루트 표시",
	"wolfhud_hudlist_aggregate_loot_desc" : "모든 루트 타입을 모아서 표시합니다.",
	"wolfhud_hudlist_separate_bagged_loot_title" : "가방 따로 표시",
	"wolfhud_hudlist_separate_bagged_loot_desc" : "가방에 담은 루트랑 담지 않은 루트를 따로 표시합니다.",
	"wolfhud_hudlist_show_potential_loot_title" : "루트 가능성 표시",
	"wolfhud_hudlist_show_potential_loot_desc" : "루트 카운터에 상자를 표시합니다. \n(주의 : 빈 상자일수도 있습니다...)",
	"wolfhud_hudlist_show_special_pickups_title" : "특수 픽업 표시",
	"wolfhud_hudlist_show_special_pickups_desc" : "맵에 있는 키카드, 크로우바, 재료 등을 표시합니다.",
	"wolfhud_hudlist_show_mission_pickups_title" : "Show Mission Pickups",
	"wolfhud_hudlist_show_mission_pickups_desc" : "Show amount of chemicals, keycards, planks and other mission pickups on the map.",
	"wolfhud_hudlist_show_collectables_pickups_title" : "Show Collectable Pickups",
	"wolfhud_hudlist_show_collectables_pickups_desc" : "Show amount of Gage packages, Spec-Ops Cases & Keys et cetera on the map.",
	"wolfhud_hudlist_show_valuables_pickups_title" : "Show Loot Pickups",
	"wolfhud_hudlist_show_valuables_pickups_desc" : "Show amount of valuable items, like money bundles or necklaces on the map.",

	"wolfhud_infopanels_buff_options_name" : "버프 리스트 옵션",
	"wolfhud_infopanels_buff_options_help" : "버프 리스트에 표시될 버프들을 설정합니다.",

	"wolfhud_infopanels_buff_mastermind_options_name" : "마스터마인드",
	"wolfhud_infopanels_buff_mastermind_options_help" : "어떤 마스터마인드의 스킬들이 표시될지 설정합니다.",
	"wolfhud_infopanels_buff_enforcer_options_name" : "인포서",
	"wolfhud_infopanels_buff_enforcer_options_help" : "어떤 인포서의 스킬들이 표시될지 설정합니다.",
	"wolfhud_infopanels_buff_technician_options_name" : "테크니션",
	"wolfhud_infopanels_buff_technician_options_help" : "어떤 테크니션의 스킬들이 표시될지 설정합니다.",
	"wolfhud_infopanels_buff_ghost_options_name" : "고스트",
	"wolfhud_infopanels_buff_ghost_options_help" : "어떤 고스트의 스킬들이 표시될지 설정합니다.",
	"wolfhud_infopanels_buff_fugitive_options_name" : "퓨지티브",
	"wolfhud_infopanels_buff_fugitive_options_help" : "어떤 퓨지티브의 스킬들이 표시될지 설정합니다.",
	"wolfhud_infopanels_buff_perkdecks_options_name" : "특성 덱",
	"wolfhud_infopanels_buff_perkdecks_options_help" : "어떤 특성 덱의 스킬들이 표시될지 설정합니다.",
	"wolfhud_infopanels_buff_gageboosts_options_name" : "Gage Boosts",
	"wolfhud_infopanels_buff_gageboosts_options_help" : "Enable or Disable visual indicators for Gage Boosts.",
	"wolfhud_infopanels_buff_henchmen_options_name" : "Henchmen Skills",
	"wolfhud_infopanels_buff_henchmen_options_help" : "Enable or Disable visual indicators for Henchmen Skills.",

	"wolfhud_hudlist_show_buffs_title" : "버프 표시",
	"wolfhud_hudlist_show_buffs_desc" : "화면 가운대에 버프를 표시합니다.",
	"wolfhud_hudlist_damage_increase_compbuff_title" : "데미지 증가",
	"wolfhud_hudlist_damage_increase_compbuff_desc" : "데미지가 증가하는 스킬을 모두 모아서 퍼센트로 표시합니다.",
	"wolfhud_hudlist_damage_reduction_compbuff_title" : "데미지 절감",
	"wolfhud_hudlist_damage_reduction_compbuff_desc" : "데미지가 절감하는 스킬을 모두 모아서 퍼센트로 표시합니다.",
	"wolfhud_hudlist_melee_damage_increase_compbuff_title" : "근접 데미지 증가",
	"wolfhud_hudlist_melee_damage_increase_compbuff_desc" : "근접 데미지가 증가하는 스킬을 모두 모아서 퍼센트로 표시합니다.",
	"wolfhud_hudlist_passive_health_regen_compbuff_title" : "Passive Health Regeneration",
	"wolfhud_hudlist_passive_health_regen_compbuff_desc" : "Composite Buff item, displays added value of all passive Health regeneration effects.",
	"wolfhud_hudlist_total_dodge_chance_compbuff_title" : "Total Dodge Chance",
	"wolfhud_hudlist_total_dodge_chance_compbuff_desc" : "Composite Buff item, displays added value of all dodge increaing skills.",
	"wolfhud_hudlist_aggressive_reload_aced_buff_title" : "효율적 재장전",
	"wolfhud_hudlist_aggressive_reload_aced_buff_desc" : "",
	"wolfhud_hudlist_ammo_efficiency_buff_title" : "효율적인 탄약",
	"wolfhud_hudlist_ammo_efficiency_buff_desc" : "",
	"wolfhud_hudlist_armor_break_invulnerable_buff_title" : "블리츠크리그 밥 (아나키스트)",
	"wolfhud_hudlist_armor_break_invulnerable_buff_desc" : "",
	"wolfhud_hudlist_berserker_buff_title" : "버서커",
	"wolfhud_hudlist_berserker_buff_desc" : "모두 모아지는 버프 중 하나입니다.",
	"wolfhud_hudlist_biker_buff_title" : "리젠 디버프 (바이커)",
	"wolfhud_hudlist_biker_buff_desc" : "",
	"wolfhud_hudlist_bloodthirst_basic_buff_title" : "피바라기 (베이직)",
	"wolfhud_hudlist_bloodthirst_basic_buff_desc" : "모두 모아지는 버프 중 하나입니다.",
	"wolfhud_hudlist_bloodthirst_aced_buff_title" : "피바라기 (에이스)",
	"wolfhud_hudlist_bloodthirst_aced_buff_desc" : "",
	"wolfhud_hudlist_bullet_storm_buff_title" : "탄환 폭풍",
	"wolfhud_hudlist_bullet_storm_buff_desc" : "",
	"wolfhud_hudlist_close_contact_buff_title" : "근접 전투 (인필트레이터)",
	"wolfhud_hudlist_close_contact_buff_desc" : "",
	"wolfhud_hudlist_combat_medic_buff_title" : "의무병 (작동)",
	"wolfhud_hudlist_combat_medic_buff_desc" : "모두 모아지는 버프 중 하나입니다.",
	"wolfhud_hudlist_combat_medic_passive_buff_title" : "의무병 (패시브)",
	"wolfhud_hudlist_combat_medic_passive_buff_desc" : "모두 모아지는 버프 중 하나입니다.",
	"wolfhud_hudlist_desperado_buff_title" : "데스페라도",
	"wolfhud_hudlist_desperado_buff_desc" : "",
	"wolfhud_hudlist_die_hard_buff_title" : "다이 하드",
	"wolfhud_hudlist_die_hard_buff_desc" : "모두 모아지는 버프 중 하나입니다.",
	"wolfhud_hudlist_dire_need_buff_title" : "급박한 상황",
	"wolfhud_hudlist_dire_need_buff_desc" : "",
	"wolfhud_hudlist_frenzy_buff_title" : "Frenzy",
	"wolfhud_hudlist_frenzy_buff_desc" : "Part of Composite Buffs.",
	"wolfhud_hudlist_grinder_buff_title" : "체력 리젠 (그라인더)",
	"wolfhud_hudlist_chico_injector_buff_title" : "Injector Duration (Kingpin)",
	"wolfhud_hudlist_chico_injector_buff_desc" : "",
	"wolfhud_hudlist_grinder_buff_desc" : "",
	"wolfhud_hudlist_hostage_situation_buff_title" : "인질극 (크루 치프)",
	"wolfhud_hudlist_hostage_situation_buff_desc" : "모두 모아지는 버프 중 하나입니다.",
	"wolfhud_hudlist_hostage_taker_buff_title" : "인질범",
	"wolfhud_hudlist_hostage_taker_buff_desc" : "",
	"wolfhud_hudlist_inspire_buff_title" : "인스파이어 (부스트)",
	"wolfhud_hudlist_inspire_buff_desc" : "인스파이어 부스트 지속시간",
	"wolfhud_hudlist_lock_n_load_buff_title" : "Lock 'n' Load",
	"wolfhud_hudlist_lock_n_load_buff_desc" : "",
	"wolfhud_hudlist_melee_stack_damage_buff_title" : "근접 추가 데미지 (인필트레이터)",
	"wolfhud_hudlist_melee_stack_damage_buff_desc" : "모두 모아지는 버프 중 하나입니다.",
	"wolfhud_hudlist_maniac_buff_title" : "데미지 감소 (매니악)",
	"wolfhud_hudlist_maniac_buff_desc" : "",
	"wolfhud_hudlist_muscle_regen_buff_title" : "체력 리젠 (머슬)",
	"wolfhud_hudlist_muscle_regen_buff_desc" : "",
	"wolfhud_hudlist_messiah_buff_title" : "메시아",
	"wolfhud_hudlist_messiah_buff_desc" : "",
	"wolfhud_hudlist_overdog_buff_title" : "Overdog (인필트레이터)",
	"wolfhud_hudlist_overdog_buff_desc" : "",
	"wolfhud_hudlist_overkill_buff_title" : "오버킬",
	"wolfhud_hudlist_overkill_buff_desc" : "",
	"wolfhud_hudlist_painkiller_buff_title" : "진통제",
	"wolfhud_hudlist_painkiller_buff_desc" : "모두 모아지는 버프 중 하나입니다.",
	"wolfhud_hudlist_partner_in_crime_buff_title" : "공범",
	"wolfhud_hudlist_partner_in_crime_buff_desc" : "모두 모아지는 버프 중 하나입니다.",
	"wolfhud_hudlist_running_from_death_buff_title" : "죽읍으로부터의 탈주",
	"wolfhud_hudlist_running_from_death_buff_desc" : "",
	"wolfhud_hudlist_quick_fix_buff_title" : "응급 치료",
	"wolfhud_hudlist_quick_fix_buff_desc" : "모두 모아지는 버프 중 하나입니다.",
	"wolfhud_hudlist_second_wind_buff_title" : "세컨드 윈드",
	"wolfhud_hudlist_second_wind_buff_desc" : "",
	"wolfhud_hudlist_sixth_sense_buff_title" : "식스 센스",
	"wolfhud_hudlist_sixth_sense_buff_desc" : "",
	"wolfhud_hudlist_sicario_dodge_buff_title" : "Additional Dodge (Sicario)",
	"wolfhud_hudlist_sicario_dodge_buff_desc" : "",
	"wolfhud_hudlist_smoke_screen_buff_title" : "Smoke Bomb (Sicario)",
	"wolfhud_hudlist_smoke_screen_buff_desc" : "",
	"wolfhud_hudlist_swan_song_buff_title" : "스완송",
	"wolfhud_hudlist_swan_song_buff_desc" : "",
	"wolfhud_hudlist_tooth_and_claw_buff_title" : "이빨과 발톱 (히트맨)",
	"wolfhud_hudlist_tooth_and_claw_buff_desc" : "",
	"wolfhud_hudlist_trigger_happy_buff_title" : "난사광",
	"wolfhud_hudlist_trigger_happy_buff_desc" : "모두 모아지는 버프 중 하나입니다.",
	"wolfhud_hudlist_underdog_buff_title" : "궁지에 몰린 개",
	"wolfhud_hudlist_underdog_buff_desc" : "모두 모아지는 버프 중 하나입니다.",
	"wolfhud_hudlist_unseen_strike_buff_title" : "기습 공격",
	"wolfhud_hudlist_unseen_strike_buff_desc" : "",
	"wolfhud_hudlist_up_you_go_buff_title" : "다시 시작해볼까",
	"wolfhud_hudlist_up_you_go_buff_desc" : "모두 모아지는 버프 중 하나입니다.",
	"wolfhud_hudlist_uppers_buff_title" : "각성제",
	"wolfhud_hudlist_uppers_buff_desc" : "",
	"wolfhud_hudlist_yakuza_buff_title" : "아머 리젠 시간 (야쿠자)",
	"wolfhud_hudlist_yakuza_buff_desc" : "",
	"wolfhud_hudlist_anarchist_armor_recovery_debuff_title" : "삶을 위한 욕망 (아나키스트)",
	"wolfhud_hudlist_anarchist_armor_recovery_debuff_desc" : "",
	"wolfhud_hudlist_ammo_give_out_debuff_title" : "탄약 기부 (겜블러)",
	"wolfhud_hudlist_ammo_give_out_debuff_desc" : "",
	"wolfhud_hudlist_bullseye_debuff_title" : "불스아이 디버프",
	"wolfhud_hudlist_bullseye_debuff_desc" : "",
	"wolfhud_hudlist_inspire_debuff_title" : "인스파이어 부스트 디버프",
	"wolfhud_hudlist_inspire_debuff_desc" : "인스파이어 소리치기 쿨다운 (딜레이)",
	"wolfhud_hudlist_inspire_revive_debuff_title" : "인스파이어 디버프",
	"wolfhud_hudlist_inspire_revive_debuff_desc" : "인스파이어 쿨다운 (딜레이)",
	"wolfhud_hudlist_life_drain_debuff_title" : "체력 흡수 디버프 (인필트레이터)",
	"wolfhud_hudlist_life_drain_debuff_desc" : "",
	"wolfhud_hudlist_medical_supplies_debuff_title" : "의약품 디버프 (갬블러)",
	"wolfhud_hudlist_medical_supplies_debuff_desc" : "",
	"wolfhud_hudlist_sociopath_debuff_title" : "리젠 디버프 (소시오패스)",
	"wolfhud_hudlist_sociopath_debuff_desc" : "",
	"wolfhud_hudlist_armorer_teambuff_title" : "추가 아머 팀 버프 (아머러)",
	"wolfhud_hudlist_armorer_teambuff_desc" : "",
	"wolfhud_hudlist_bulletproof_teambuff_title" : "방탄갑옷 팀 버프",
	"wolfhud_hudlist_bulletproof_teambuff_desc" : "",
	"wolfhud_hudlist_crew_chief_teambuff_title" : "스탯 증가 팀 버프 (크루 치프)",
	"wolfhud_hudlist_crew_chief_teambuff_desc" : "모두 모아지는 버프 중 하나입니다.",
	"wolfhud_hudlist_forced_friendship_teambuff_title" : "강제 친구 팀 버프",
	"wolfhud_hudlist_forced_friendship_teambuff_desc" : "",
	"wolfhud_hudlist_life_steal_gage_debuff_title" : "Life Steal",
	"wolfhud_hudlist_life_steal_gage_debuff_desc" : "",
	"wolfhud_hudlist_invulnerable_gage_buff_title" : "Invulnerability",
	"wolfhud_hudlist_invulnerable_gage_buff_desc" : "",
	"wolfhud_hudlist_crew_inspire_debuff_title" : "Inspiring",
	"wolfhud_hudlist_crew_inspire_debuff_desc" : "",
	"wolfhud_hudlist_crew_throwable_regen_buff_title" : "Stockpiler",
	"wolfhud_hudlist_crew_throwable_regen_buff_desc" : "",
	"wolfhud_hudlist_crew_health_regen_buff_title" : "Healer",
	"wolfhud_hudlist_crew_health_regen_buff_desc" : "",

	"wolfhud_waypoints_options_name" : "사용자 지정 웨이 포인트 옵션",
	"wolfhud_waypoints_options_help" : "웨이 포인트를 설정합니다.",

	"wolfhud_waypoints_color_title" : "Waypoints Color",
	"wolfhud_waypoints_color_desc" : "The color of the default mission waypoints.",
	"wolfhud_waypoints_show_ammo_bag_title" : "탄약 가방 표시",
	"wolfhud_waypoints_show_ammo_bag_desc" : "탄약 가방 웨이 포인트를 표시합니다.\n(얼마나 남았는지 퍼센트로 표시됩니다.)",
	"wolfhud_waypoints_show_doc_bag_title" : "의료 가방 표시",
	"wolfhud_waypoints_show_doc_bag_desc" : "의료 가방 웨이 포인트를 표시합니다.\n(얼마나 남았는지 숫자로 표시됩니다.)",
	"wolfhud_waypoints_show_first_aid_kit_title" : "Show First Aid Kits",
	"wolfhud_waypoints_show_first_aid_kit_desc" : "Show Waypoints for First Aid Kits, showing its skill effects.",
	"wolfhud_waypoints_show_body_bag_title" : "시체 가방 표시",
	"wolfhud_waypoints_show_body_bag_desc" : "시체 가방 웨이 포인트를 표시합니다.\n(얼마나 남았는지 숫자로 표시됩니다.)",
	"wolfhud_waypoints_show_grenade_crate_title" : "수류탄 상자 표시",
	"wolfhud_waypoints_show_grenade_crate_desc" : "수류탄 상자 웨이 포인트를 표시합니다.\n(얼마나 남았는지 숫자로 표시됩니다.)",
	"wolfhud_waypoints_show_sentries_title" : "센트리 표시",
	"wolfhud_waypoints_show_sentries_desc" : "센트리 웨이 포인트를 표시합니다.\n(얼마나 남아있는지 퍼센트로 표시됩니다.)",
	"wolfhud_waypoints_show_ecms_title" : "Show ECMs",
	"wolfhud_waypoints_show_ecms_desc" : "Show Waypoints for ECMs, telling you its remaining battery and feedback duration.",
	"wolfhud_waypoints_show_timers_title" : "타이머 표시",
	"wolfhud_waypoints_show_timers_desc" : "남은시간 웨이 포인트를 표시합니다.\n(무슨 업그레이드가 적용 되있는지도 표시됩니다.)",
	"wolfhud_waypoints_show_loot_title" : "루트 가방 표시",
	"wolfhud_waypoints_show_loot_desc" : "가까이 있는 가방안에 있는 루트 이름을 표시합니다.",
	"wolfhud_waypoints_loot_icon_title" : "Bag icon",
	"wolfhud_waypoints_loot_icon_desc" : "Show a bag icon on bagged loot.",
	"wolfhud_waypoints_loot_offset_title" : "Height offset",
	"wolfhud_waypoints_loot_offset_desc" : "Set the height offset of the text label on loot.",
	"wolfhud_waypoints_loot_bagged_offset_title" : "Bagged height offset",
	"wolfhud_waypoints_loot_bagged_offset_desc" : "Set the height offset of the text label on bagged loot.",
	"wolfhud_waypoints_loot_angle_title" : "Visible angle",
	"wolfhud_waypoints_loot_angle_desc" : "Set the angle the text label is visible in.",
	"wolfhud_waypoints_show_special_equipment_title" : "특수 장비 표시",
	"wolfhud_waypoints_show_special_equipment_desc" : "키카드, 나무판자 등 의 웨이 포인트를 표시합니다.",
	"wolfhud_waypoints_show_minions_title" : "조커 표시",
	"wolfhud_waypoints_show_minions_desc" : "조커된 경찰 위에 이름, 조커 주인 색, 킬 카운터를 표시합니다.",
	"wolfhud_waypoints_show_pager_title" : "페이저 표시",
	"wolfhud_waypoints_show_pager_desc" : "페이저 웨이 포인트를 표시합니다.\n(다른 플레이어가 응답 중 일 경우 초록색으로 바뀝니다.)",

	"wolfhud_tabstats_options_name" : "TabStats 옵션",
	"wolfhud_tabstats_options_help" : "Tab 누르면 나오는 화면을 설정합니다.",

	"wolfhud_tabstats_clock_mode_title" : "시간 모드",
	"wolfhud_tabstats_clock_mode_desc" : "시간이 어떻게 표시될지 설정합니다.",
	"wolfhud_tabstats_clock_mode_a" : "12시간",
	"wolfhud_tabstats_clock_mode_b" : "24시간",
	"wolfhud_tabstats_clock_mode_c" : "Heist Time",
	"wolfhud_use_tabstats_title" : "TabStats 사용",
	"wolfhud_use_tabstats_desc" : "미션 정보 대신에 당신의 통계를 표시합니다.\n(맵을 바꿔야 적용됩니다...)",
	"wolfhud_tabstats_font_size_title" : "리스트 폰트 크기",
	"wolfhud_tabstats_font_size_desc" : "고급 통계 리스트 폰트 크기를 설정합니다.",
	"wolfhud_tabstats_color_title" : "리스트 색",
	"wolfhud_tabstats_color_desc" : "고급 통계 리스트 색을 설정합니다.",
	"wolfhud_tabstats_actual_mask_title" : "진짜 마스크 표시",
	"wolfhud_tabstats_actual_mask_desc" : "현재 당신이 쓰고있는 마스크를 표시합니다\n(기본적으로 캐릭터의 마스크로 표시됩니다).",
	"wolfhud_tabstats_numberic_loot_title" : "Numberic Loot Counter",
	"wolfhud_tabstats_numberic_loot_desc" : "Disable the bag counting minigame and display the number right away.",

	"wolfhud_crewloadout_options_name" : "Crew Loadout Options",
	"wolfhud_crewloadout_options_help" : "Choose where you want to get Information on which gear and skills your teammates are bringing.",

	"wolfhud_crewloadout_lobby_title" : "Show in Lobby",
	"wolfhud_crewloadout_lobby_desc" : "Adds a button to your Lobby screen, that can display the loadout of you and your crew.",
	"wolfhud_crewloadout_cs_lobby_title" : "Show in Crimespree Lobby",
	"wolfhud_crewloadout_cs_lobby_desc" : "Adds a new tab right next to the modifiers and rewards in the crimespree lobby.",
	"wolfhud_crewloadout_briefing_title" : "Replace in briefing",
	"wolfhud_crewloadout_briefing_desc" : "Replaces the default Crew Loadout Panel in Mission briefing.",
	"wolfhud_crewloadout_tabscreen_title" : "Show on Tabscreen",
	"wolfhud_crewloadout_tabscreen_desc" : "Displays the Skills, Perk and current Ping of players in your lobby. \n(Disabled if you use this feature of LobbyPlayerInfo)",
    "wolfhud_profilemenu_replace_title" : "Replace Profile Menu",
    "wolfhud_profilemenu_replace_desc" : "Replaces the default Profile-Selector with WolfHUDs advanced one.",

	"wolfhud_dmgindicator_options_name" : "데미지 인디케이터",
	"wolfhud_dmgindicator_options_help" : "데미지 인디케이터의 페이드 시간, 크기 등을 설정합니다.",

	"wolfhud_show_dmg_indicator_title" : "다이나믹 데미지 인디케이터",
	"wolfhud_show_dmg_indicator_desc" : "데미지 인디케이터의 애니메이션을 활성화 합니다.",
	"wolfhud_dmg_ind_time_title" : "인디케이터 지속시간",
	"wolfhud_dmg_ind_time_desc" : "데미지 인디케이터가 얼마나 오랫동안 표시될지 설정합니다.",
	"wolfhud_dmg_ind_size_title" : "인디케이터 크기",
	"wolfhud_dmg_ind_size_desc" : "데미지 인디케이터의 원 크기를 설정합니다.",
	"wolfhud_dmg_indicator_max_count_title" : "최대 인디케이터 수",
	"wolfhud_dmg_indicator_max_count_desc" : "화면에 표시될수있는 최대 인디케이터 수 를 설정합니다.",
	"wolfhud_dmg_shield_color_title" : "방탄복 색",
	"wolfhud_dmg_shield_color_desc" : "방탄복 데미지만 받았을때의 색을 설정합니다.",
	"wolfhud_dmg_health_color_title" : "체력 색",
	"wolfhud_dmg_health_color_desc" : "체력 데미지를 받았을때의 색을 설정합니다.",
	"wolfhud_dmg_crit_color_title" : "적은 체력 색",
	"wolfhud_dmg_crit_color_desc" : "많은 체력 데미지를 받았을때의 색을 설정합니다.",
	"wolfhud_dmg_vehicle_color_title" : "차량 색",
	"wolfhud_dmg_vehicle_color_desc" : "차량안에 있을때 데미지를 받을경우의 색을 설정합니다.",
	"wolfhud_dmg_friendlyfire_color_title" : "팀킬 색",
	"wolfhud_dmg_friendlyfire_color_desc" : "팀원의 폭팔물, 불 등의 체력을 받았을때의 색을 설정합니다..",

	"wolfhud_dmgpopup_options_name" : "적군 데미지 팝업 설정",
	"wolfhud_dmgpopup_options_help" : "적군 머리 옆에 뜨는 데미지 딜을 설정합니다.",

	"wolfhud_show_dmg_popup_title" : "데미지 팝업",
	"wolfhud_show_dmg_popup_desc" : "데미지 팝업을 표시합니다.",
	"wolfhud_dmg_popup_player" : "Player",
	"wolfhud_dmg_popup_all" : "Everyone",
	"wolfhud_dmg_popup_scale_title" : "Popup Scale",
	"wolfhud_dmg_popup_scale_desc" : "Changes the size of the damage popups.",
	"wolfhud_dmg_popup_skull_scale_title" : "Skull Scale",
	"wolfhud_dmg_popup_skull_scale_desc" : "Changes the size of the skull icon when it was a kill.",
	"wolfhud_dmg_popup_skull_align_title" : "Skull Align",
	"wolfhud_dmg_popup_skull_align_desc" : "Changes the alignment of the skull icon when it was a kill.",
	"wolfhud_dmg_popup_time_title" : "팝업 지속시간",
	"wolfhud_dmg_popup_time_desc" : "데미지 팝업이 얼마나 오랫동안 지속될지 설정합니다.",
	"wolfhud_dmg_popup_height_title" : "Popup Height",
	"wolfhud_dmg_popup_height_desc" : "Determines how high above the enemy the popup will render.",
	"wolfhud_dmg_popup_alpha_title" : "Popup Opacity",
	"wolfhud_dmg_popup_alpha_desc" : "Set the opacity of the popup.",
	"wolfhud_dmg_popup_color_title" : "몸샷 팝업 색",
	"wolfhud_dmg_popup_color_desc" : "몸샷으로 표시된 팝업 색을 설정합니다.",
	"wolfhud_dmg_popup_headshot_color_title" : "헤드샷 팝업 색",
	"wolfhud_dmg_popup_headshot_color_desc" : "헤드샷으로 표시된 팝업 색을 설정합니다.",

	"wolfhud_enemyhealthbar_options_name" : "적 체력",
	"wolfhud_enemyhealthbar_options_help" : "적 체력바를 설정합니다.",

	"wolfhud_show_enemyhealthbar_title" : "적 체력바 사용",
	"wolfhud_show_enemyhealthbar_desc" : "화면 가운데에 적 체력을 표시합니다.\n(맵을 바꿔야 적용됩니다...)",
	"wolfhud_show_civhealthbar_title" : "시민 체력바 사용",
	"wolfhud_show_civhealthbar_desc" : "봇이나 시민 체력을 표시합니다.",
	"wolfhud_show_carhealthbar_title" : "탈것 체력바 사용",
	"wolfhud_show_carhealthbar_desc" : "탈것 체력을 표시합니다.",
	"wolfhud_show_healthbar_pointer_title" : "포인터 사용",
	"wolfhud_show_healthbar_pointer_desc" : "체력바 해당되는 적(시민)을 가르키는 화살표를 표시합니다.",

	"wolfhud_interaction_options_name" : "상호작용 설정",
	"wolfhud_interaction_options_help" : "상호작용이 어떻게 표시될지 설정합니다.",

	"wolfhud_press2hold_lock_mode_title" : "잠금 모드",
	"wolfhud_press2hold_lock_mode_desc" : "X 초 이상 누르면 잠금모드로 들어갑니다. (진행식)\n총 X 초 이상 눌러야 되면 잠금모드로 들어갑니다. (전체식)",
	"wolfhud_press2hold_lock_mode_a" : "진행식",
	"wolfhud_press2hold_lock_mode_b" : "전체식",
	"wolfhud_press2hold_lock_mode_c": "Pagers+lockpick",
	"wolfhud_press2hold_lock_mode_d": "Pagers only",
	"wolfhud_press2hold_min_timer_duration_title" : "최소 시간",
	"wolfhud_press2hold_min_timer_duration_desc" : "최소한 몇 초 동안 눌러야 잠금모드로 들어가는지 설정합니다.",
	"wolfhud_press2hold_show_lockindicator_title" : "잠금 모드 표시",
	"wolfhud_press2hold_show_lockindicator_desc" : "잠금 모드가 작동되어있는지 아닌지 표시합니다.\n(초록색 빨간색으로 깜빡거립니다.)",
	"wolfhud_press2hold_equipment_cancel_title" : "장비키 취소",
	"wolfhud_press2hold_equipment_cancel_desc" : "잠금 모드로 들어간 상호작용을 장비키를 눌러 취소합니다.\n(리본적으로 상호작용키를 다시 눌러야 취소됩니다.)",
	"wolfhud_press2hold_interrupt_hint_title" : "취소버튼 보기",
	"wolfhud_press2hold_interrupt_hint_desc" : "어떤키가 취소키인지 상호작용 원 밑에 있는 텍스트에 표시합니다.",
	"wolfhud_press2hold_show_timer_title" : "남아있는 시간 표시",
	"wolfhud_press2hold_show_timer_desc" : "남아있는 시간을 상호작용 원 안에 표시합니다.",
	"wolfhud_press2hold_show_circle_title" : "상호작용 원 표시",
	"wolfhud_press2hold_show_circle_desc" : "기본 상호작용 원을 표시합니다.",
	"wolfhud_press2hold_circle_scale_title" : "원 크기",
	"wolfhud_press2hold_circle_scale_desc" : "Scaling factor of the interaction circle.",
	"wolfhud_press2hold_timer_scale_title" : "Timer Scale",
	"wolfhud_press2hold_timer_scale_desc" : "Scaling factor of the center timer (Takes circle scale into account).",
	"wolfhud_press2hold_text_scale_title" : "텍스트 크기",
	"wolfhud_press2hold_text_scale_desc" : "상호작용 원 밑에 표시되는 텍스트 크기를 설정합니다.",
	"wolfhud_press2hold_show_reload_circle_title" : "재장전 시간",
	"wolfhud_press2hold_show_reload_circle_desc" : "당신의 재장전 시간을 상호작용의 원으로 표시합니다.",
	"wolfhud_press2hold_show_melee_circle_title" : "근접 충전시간 표시",
	"wolfhud_press2hold_show_melee_circle_desc" : "근접 충전시간을 상호작용 원으로 표시합니다.",
	"wolfhud_press2hold_timer_color_start_title" : "Timer Color (Start)",
	"wolfhud_press2hold_timer_color_start_desc" : "Color for the Timer to start with.",
	"wolfhud_press2hold_timer_color_title" : "Timer Color (End)",
	"wolfhud_press2hold_timer_color_desc" : "시간초 색을 설정합니다.",
	"wolfhud_press2hold_show_timer_outline_title" : "Black outline",
	"wolfhud_press2hold_show_timer_outline_desc" : "Show a black outline around the remaining time text.",
	"wolfhud_doubletap_nades_stealth_title" : "스텔스 수류탄 방지",
	"wolfhud_doubletap_nades_stealth_desc" : "스텔스 일 경우 수류탄을 던지려면 2번 연속 키를 눌러야됩니다. \n사고 방지용.",
	"wolfhud_hold_to_pick_title" : "인스턴트 자동 줍기",
	"wolfhud_hold_to_pick_desc" : "상호작용 키 를 계속 누르고 있으면 자동으로 인스턴트 캐쉬가 주워집니다.",

	"wolfhud_inventory_options_name" : "Inventory Tweak Options",
	"wolfhud_inventory_options_help" : "Options to change the visuals of your Inventory and alter Equipment behavior.",

	"wolfhud_equipment_senty_auto_ap_title" : "센트리 자동 AP 모드",
	"wolfhud_equipment_senty_auto_ap_desc" : "스킬이 있다면 센트리가 설치되는순간 자동으로 AP 모드로 설정됩니다.",
	"wolfhud_equipment_tripmine_auto_sensor_stealth_title" : "트립마인 자동 센서 모드",
	"wolfhud_equipment_tripmine_auto_sensor_stealth_desc" : "스텔스 일 경우, 트립마인을 설치하면 자동으로 센서 모드로 변경됩니다.",
	"wolfhud_equipment_ecm_feedback_disabled_stealth_title" : "ECM 피드팩 차단",
	"wolfhud_equipment_ecm_feedback_disabled_stealth_desc" : "스텔스 일 경우 ECM 피드팩을 사용 못하게 차단합니다.",
	"wolfhud_equipment_shaped_charge_disabled_stealth_title" : "Shaped Charge Suppression",
	"wolfhud_equipment_shaped_charge_disabled_stealth_desc" : "When checked, you need to doubletap to deploy shaped charges in stealth. \nOnly to prevent accidents.",
	"wolfhud_equipment_keycard_doors_disabled_title" : "Key-card Door Suppression",
	"wolfhud_equipment_keycard_doors_disabled_desc" : "When checked, you need to doubletap to close doors in hoxton breakout day 2. \nOnly to prevent accidents.",

	"wolfhud_gadget_options_name" : "무기 가젯 옵션",
	"wolfhud_gadget_options_help" : "무기 가젯을 사용자에 맞게 설정합니다.",

	"wolfhud_laser_autoon_title" : "자동 레이저",
	"wolfhud_laser_autoon_desc" : "자동으로 레이저를 활성화 시킵니다.",
	"wolfhud_show_angeled_sight_title" : "기울어진 무기",
	"wolfhud_show_angeled_sight_desc" : "무기도 같이 기울어지게 나오게 설정합니다. (가방을 들 경우)",

	"wolfhud_gadget_player_laser_options_name" : "Player Laser",
	"wolfhud_gadget_player_laser_options_help" : "Setting for your local laser.",
	"wolfhud_gadget_player_sentry_laser_options_name" : "Player Sentry Options",
	"wolfhud_gadget_player_sentry_laser_options_help" : "Settings for your sentries lasers.",
	"wolfhud_gadget_team_laser_options_name" : "Teammate Lasers",
	"wolfhud_gadget_team_laser_options_help" : "Settings for your teammates lasers.",
	"wolfhud_gadget_team_sentry_laser_options_name" : "Teammate Sentry Lasers",
	"wolfhud_gadget_team_sentry_laser_options_help" : "Settings for your Teammates sentries lasers.",
	"wolfhud_gadget_sniper_laser_options_name" : "Sniper Laser",
	"wolfhud_gadget_sniper_laser_options_help" : "Setting for the lasers of enemy snipers.",
	"wolfhud_gadget_turret_laser_active_options_name" : "Turret Laser (Active)",
	"wolfhud_gadget_turret_laser_active_options_help" : "Laser settings for the active SWAT turret.",
	"wolfhud_gadget_turret_laser_rearming_options_name" : "Turret Laser (Rearming)",
	"wolfhud_gadget_turret_laser_rearming_options_help" : "Laser settings for the reloading SWAT turret.",
	"wolfhud_gadget_turret_laser_mad_options_name" : "Turret Laser (Mad)",
	"wolfhud_gadget_turret_laser_mad_options_help" : "Laser settings for the jammed SWAT turret.",
	"wolfhud_gadget_player_flashlight_options_name" : "Player Flashlight",
	"wolfhud_gadget_player_flashlight_options_help" : "Settings for your local flashlight.",
	"wolfhud_gadget_team_flashlight_options_name" : "Teammate Flashlight",
	"wolfhud_gadget_team_flashlight_options_help" : "Settings for your Teammates flashlights.",

	"wolfhud_gadgets_beam_r_title" : "Laser Beam (R)",
	"wolfhud_gadgets_beam_r_desc" : "Red component of the laser color.",
	"wolfhud_gadgets_beam_g_title" : "Laser Beam (G)",
	"wolfhud_gadgets_beam_g_desc" : "Green component of the laser color.",
	"wolfhud_gadgets_beam_b_title" : "Laser Beam (B)",
	"wolfhud_gadgets_beam_b_desc" : "Blue component of the laser color.",
	"wolfhud_gadgets_beam_a_title" : "Laser Beam Alpha",
	"wolfhud_gadgets_beam_a_desc" : "Oppacity of the laser beam.",
	"wolfhud_gadgets_dot_match_title" : "Matching Dot Color",
	"wolfhud_gadgets_dot_match_desc" : "Determines, if the laser dot should match the beam in color.",
	"wolfhud_gadgets_dot_r_title" : "Laser Dot (R)",
	"wolfhud_gadgets_dot_r_desc" : "Red component of the laser dots color.",
	"wolfhud_gadgets_dot_g_title" : "Laser Dot (G)",
	"wolfhud_gadgets_dot_g_desc" : "Green component of the laser dots color.",
	"wolfhud_gadgets_dot_b_title" : "Laser Dot (B)",
	"wolfhud_gadgets_dot_b_desc" : "Blue component of the laser dots color.",
	"wolfhud_gadgets_dot_a_title" : "Laser Dot Alpha",
	"wolfhud_gadgets_dot_a_desc" : "Oppacity of the laser dot.",
	"wolfhud_gadgets_glow_match_title" : "Matching Glow Color",
	"wolfhud_gadgets_glow_match_desc" : "Determines, if the lasers glow should match the beam in color.",
	"wolfhud_gadgets_glow_r_title" : "Laser Glow (R)",
	"wolfhud_gadgets_glow_r_desc" : "Red component of the laser glow color.",
	"wolfhud_gadgets_glow_g_title" : "Laser Glow (G)",
	"wolfhud_gadgets_glow_g_desc" : "Green component of the laser glow color.",
	"wolfhud_gadgets_glow_b_title" : "Laser Glow (B)",
	"wolfhud_gadgets_glow_b_desc" : "Blue component of the laser glow color.",
	"wolfhud_gadgets_glow_a_title" : "Laser Glow Alpha",
	"wolfhud_gadgets_glow_a_desc" : "Oppacity of the laser glow.",
	"wolfhud_gadgets_light_r_title" : "Flashlight (R)",
	"wolfhud_gadgets_light_r_desc" : "Red component of the flashlight color.",
	"wolfhud_gadgets_light_g_title" : "Flashlight (G)",
	"wolfhud_gadgets_light_g_desc" : "Green component of the flashlight color.",
	"wolfhud_gadgets_light_b_title" : "Flashlight (B)",
	"wolfhud_gadgets_light_b_desc" : "Blue component of the flashlight color.",
	"wolfhud_gadgets_light_brightness_title" : "Flashlight Brightness",
	"wolfhud_gadgets_light_brightness_desc" : "Brightness of the flashlight.",
	"wolfhud_gadgets_light_angle_title" : "Flashlight Angle",
	"wolfhud_gadgets_light_angle_desc" : "The angle the flashlight shines in.",
	"wolfhud_gadgets_light_range_title" : "Flashlight Range",
	"wolfhud_gadgets_light_range_desc" : "Distance the Flashlight can cover.",
	"wolfhud_gadgets_rainbow_enabled_title" : "Enable Rainbow",
	"wolfhud_gadgets_rainbow_enabled_desc" : "Enables the rainbow mode.",
	"wolfhud_gadgets_rainbow_frequency_title" : "Rainbow Frequency",
	"wolfhud_gadgets_rainbow_frequency_desc" : "Determines how fast the rainbow changes colors.",
	"wolfhud_gadgets_pulse_enabled_title" : "Enable Pulse",
	"wolfhud_gadgets_pulse_enabled_desc" : "Activates the pulse mode.",
	"wolfhud_gadgets_pulse_min_title" : "Pulse Min",
	"wolfhud_gadgets_pulse_min_desc" : "Minimum Oppacity modificator that gets used.",
	"wolfhud_gadgets_pulse_max_title" : "Pulse Max",
	"wolfhud_gadgets_pulse_max_desc" : "Maximum Oppacity modificator that gets used.",
	"wolfhud_gadgets_pulse_frequency_title" : "Pulse Frequency",
	"wolfhud_gadgets_pulse_frequency_desc" : "Determines the time it takes the pulse from minimum to maximum oppacity multiplicator.",

	"wolfhud_skipit_options_name" : "Skip-It Options",
	"wolfhud_skipit_options_help" : "Options to skip unnecessary menus automatically to save your time.",
	"wolfhud_assaultbanner_options_name" : "Assault Banner Options",
	"wolfhud_assaultbanner_options_help" : "Options to change the Assault Banner."
}
