{
	"menu_jowi" : "Уик",
	"hud_int_hold_grab_the_bag" : "Удерживайте $BTN_INTERACT, чтобы взять $BAG",

	"wolfhud_dialog_force_start_title" : "Принудительно запустить игру?",
	"wolfhud_dialog_force_start_desc" : "Вы уверены, что хотите принудительно начать игру?\n\nИспользуйте эту функцию только если лобби заглючило или игрок отошел.\nУбедитесь, что у всех было достаточно времени для выбора снаряжения.\n\nСпасибо :)",
	"wolfhud_dialog_install_title" : "Установка: $NAME",
	"wolfhud_dialog_install_desc" : "Вы действительно хотите установить '$NAME'?",
	"wolfhud_dialog_remind_later" : "Спросить позже",
	"wolfhud_dialog_install_fed_inv_desc" : "Federal Inventory является override модом, дающим вам цветные иконки для вашего оружия, масок и снаряжения.\nОтлично смотрится при включенном CustomHUD и использует BLT Менеджер Обновлений.",
	"wolfhud_dialog_rename_inv_tab" : "Переименовать страницу инвентаря",
	"wolfhud_dialog_rename_inv_tab_desc" : "Введите новое имя для страницы инвентаря.",
	"wolfhud_dialog_save" : "Сохранить",
	"woldhud_notification_disabled_override_title" : "WolfHUD: $NAME в настоящее время отключен.",
	"woldhud_notification_disabled_override_desc" : "Если вы передумали, нажмите сюда, чтобы спросить потом.",
	"woldhud_notification_restart_override_title" : "WolfHUD: $NAME готов к установке.",
	"woldhud_notification_restart_override_desc" : "Пожалуйста перезапустите игру для начала скачивания.",

	"wolfhud_int_locked" : "НАЖМИТЕ $BTN_CANCEL ДЛЯ ОТМЕНЫ ВЗАИМОДЕЙСТВИЯ",
	"wolfhud_int_locked_pager" : "НАЖМИТЕ $BTN_CANCEL ДЛЯ ПРЕРЫВАНИЯ\n(ПОДНИМЕТСЯ ТРЕВОГА)",

	"wolfhud_buy_all_assets" : "Купить все",
	"wolfhud_buy_all_assets_desc" : "Купить все активы которые вам доступны",

	"wolfhud_preplanning_save" : "Сохранить планирование",
	"wolfhud_preplanning_load" : "Загрузить планирование",
	"wolfhud_preplanning_reset" : "Сбросить планирование",
	"wolfhud_preplanning_reset_all" : "Сбросить все",
	"wolfhud_preplanning_delete" : "Удалить планирование",
	"wolfhud_preplanning_save_tooltip_title" : "Сохранить текущее планирование:",
	"wolfhud_preplanning_save_tooltip_desc" : "Сохраняет текущее планирование для того, чтобы было легче в следующий раз на этой миссии.",
	"wolfhud_preplanning_load_tooltip_title" : "Загрузить последнее планирование:",
	"wolfhud_preplanning_load_tooltip_desc" : "Открывает меню со всеми вашими планированиями.",
	"wolfhud_preplanning_reset_tooltip_title" : "Сбросить текущее планирование:",
	"wolfhud_preplanning_reset_tooltip_desc" : "Сбрасывает все выбранные вами активы в текущем планировании, а также ваши голоса.",
	"wolfhud_preplanning_reset_all_tooltip_title" : "Сбросить завершенное планирование:",
	"wolfhud_preplanning_reset_all_tooltip_desc" : "Сбрасывает активы у каждого в текущем планировании, а также ваши голоса.",
	"wolfhud_preplanning_delete_tooltip_title" : "Удалить сохраненное планирование",
	"wolfhud_preplanning_delete_tooltip_desc" : "Очищает сохраненные планирования и удаляет некоторые из них.",
	"wolfhud_preplanning_manager_title" : "Менеджер планирования",
	"wolfhud_preplanning_error_no_saved_plans" : "Сохраненных планирований не найдено.",
	"wolfhud_preplanning_error_max_plans_reached" : "Достигнуто максимальное кол-во планирований.",
	"wolfhud_preplanning_votes_title" : "Голоса:",
	"wolfhud_preplanning_assets_title" : "Активы:",
	"wolfhud_preplanning_dialog_save" : "Сохранить планирование?",
	"wolfhud_preplanning_dialog_save_desc" : "$PLAN\n\n\nПожалуйста, введите название этого планирования.\n(Использование уже существующего названия перезапишет это планирование.)",
	"wolfhud_preplanning_dialog_delete" : "Удалить планирование?",
	"wolfhud_preplanning_dialog_delete_desc" : "Вы уверены что хотите удалить планирование '$NAME'?",
	"wolfhud_preplanning_msg_saved_success" : "Текущее планирование успешно сохранено.",
	"wolfhud_preplanning_msg_saved_failed" : "Произошла ошибка при сохранении планирования.",
	"wolfhud_preplanning_msg_no_save_slot" : "Достигнуто максимальное кол-во сохраненный планирований.",
	"wolfhud_preplanning_msg_no_current_plan" : "Вы ничего не спланировали для того чтобы сохранить.",
	"wolfhud_preplanning_msg_loaded_success" : "Планирование успешно загружено.",
	"wolfhud_preplanning_msg_loaded_failed" : "Произошла ошибка при загрузке планирования.",
	"wolfhud_preplanning_msg_loaded_partitially" : "Планирование загружено частично: $ERRORMSG",
	"wolfhud_preplanning_msg_loaded_missing_skill" : "Отсутствует навык",
	"wolfhud_preplanning_msg_loaded_missing_favours" : "Недостаточно услуг",
	"wolfhud_preplanning_msg_loaded_missing_money" : "Недостаточно денег",
	"wolfhud_preplanning_msg_reseted_success" : "Текущее планирование сброшено.",
	"wolfhud_preplanning_msg_reseted_failed" : "Произошла ошибка во время сброса текущего планирования.",
	"wolfhud_preplanning_msg_deleted_success" : "Планирование успешно удалено.",
	"wolfhud_preplanning_msg_deleted_failed" : "Произошла ошибка при удалении сохраненного планирования.",

	"wolfhud_inv_tab_rename_hint" : "Дважды щелкните вкладку инвентаря, чтобы переименовать ее.",

	"wolfhud_loadout_hours_played" : "$HOURS ч.",

    "wolfhud_profile_switch_title" : "Смена профилей",
    "wolfhud_profile_switch_title_profiles" : "Профиль:",

	"victory_most_damage" : "Наибольший урон:",
	"victory_session_damage" : "Общий урон:",

	"wolfhud_advassault_phase_title" : "Стадия Штурма: ",
	"wolfhud_advassault_spawns_title" : "Осталось Спаунов: ",
	"wolfhud_advassault_time_title" : "Осталось Времени: ",
	"wolfhud_advassault_phase_anticipation" : "Подготовка",
	"wolfhud_advassault_phase_build" : "Нарастание",
	"wolfhud_advassault_phase_sustain" : "Подкрепление",
	"wolfhud_advassault_phase_fade" : "Затихание",
	"wolfhud_advassault_time_overdue" : "ЗАДЕРЖКА",
	"wolfhud_locked_assault" : "Бесконечный штурм!!!  Убирайтесь как можно скорее!!!",

	"wolfhud_customhud_interaction_done" : "ГОТОВО",
	"wolfhud_customhud_interaction_aborted" : "ОТКЛОНЕНО",

	"wolfhud_hudlist_device_timer" : "Таймер",
	"wolfhud_hudlist_device_drill" : "Дрель",
	"wolfhud_hudlist_device_hack" : "Взлом",
	"wolfhud_hudlist_device_saw" : "Распил",
	"wolfhud_hudlist_loot_armor" : "Броня",
	"wolfhud_hudlist_loot_bomb" : "Бомба",
	"wolfhud_hudlist_loot_weapon" : "Оружие",
	"wolfhud_hudlist_loot_diamond" : "Алмаз",
	"wolfhud_hudlist_loot_evidence" : "Данные",
	"wolfhud_hudlist_loot_toast" : "Тост",
	"wolfhud_hudlist_loot_crate" : "Ящик",
	"wolfhud_hudlist_loot_toothbrush" : "Щетка",
	"wolfhud_hudlist_loot_bag" : "Сумка",
	"wolfhud_hudlist_loot_shoes" : "Обувь",
	"wolfhud_hudlist_loot_toy" : "Игрушка",
	"wolfhud_hudlist_loot_vr" : "Шлем",

	"wolfhud_hudlist_buff_basic" : "Базовый",
	"wolfhud_hudlist_buff_aced" : "Про",
	"wolfhud_hudlist_buff_boost" : "Вдохн.",
	"wolfhud_hudlist_buff_revive" : "Восст.",
	"wolfhud_hudlist_buff_crew_inspire_debuff" : "Возрождение (ИИ)",
	"wolfhud_hudlist_buff_dmg_inc" : "+Урон",
	"wolfhud_hudlist_buff_dmg_dec" : "-Урон",
	"wolfhud_hudlist_buff_mdmg_inc" : "+Р.Урон",
	"wolfhud_hudlist_buff_phealth_reg" : "+HP",
	"wolfhud_hudlist_buff_tot_dodge" : "%Уклон.",

	"wolfhud_tabstats_total_damage" : "Всего Урона:",
	"wolfhud_tabstats_tanks_killed" : "Убито бульдозеров:",
	"wolfhud_tabstats_cloakers_killed" : "Убито клокеров:",
	"wolfhud_tabstats_shields_killed" : "Убито щитов:",
	"wolfhud_tabstats_snipers_killed" : "Убито снайперов:",
	"wolfhud_tabstats_tasers_killed" : "Убито тазеров:",
	"wolfhud_tabstats_gensec_killed" : "Убито GENSEC:",
	"wolfhud_tabstats_medic_killed" : "Убито медиков:",
	"wolfhud_tabstats_melee_kills" : "Убито в ближнем бою:",
	"wolfhud_tabstats_explosion_kills" : "Убито взрывом:",
	"wolfhud_tabstats_nonspecial_kills" : "Убито обычных:",
	"wolfhud_tabstats_total_revives" : "Всего помощи (Игр/ИИ):",
	"wolfhud_tabstats_alltime_stat" : "За все время:",

	"wolfhud_enemy_civilian" : "Гражданский",
	"wolfhud_enemy_gangster" : "Бандит",
	"wolfhud_enemy_biker" : "Байкер",
	"wolfhud_enemy_bolivian_security" : "Охрана Сосы",
	"wolfhud_enemy_bolivian_thug" : "Головорез Сосы",
	"wolfhud_enemy_mobster" : "Русский бандит",
	"wolfhud_enemy_security" : "Охранник",
	"wolfhud_enemy_gensec" : "GENSEC",
	"wolfhud_enemy_cop" : "Офицер полиции",
	"wolfhud_enemy_fbi" : "Агент ФБР",
	"wolfhud_enemy_swat" : "Спецназовец",
	"wolfhud_enemy_heavy_swat" : "Тяжелый спецназовец",
    "wolfhud_enemy_heavy_swat_sniper" : "ZEAL Снайпер",
	"wolfhud_enemy_city_swat" : "Элитный юнит",
	"wolfhud_enemy_shield" : "Щит",
	"wolfhud_enemy_spook" : "Клокер",
	"wolfhud_enemy_taser" : "Тазер",
	"wolfhud_enemy_sniper" : "Снайпер",
	"wolfhud_enemy_medic" : "Медик",
	"wolfhud_enemy_tank" : "Бульдозер",
	"wolfhud_enemy_tank_hw" : "Безголовый Бульдозер",
	"wolfhud_enemy_tank_medic" : "Бульдозер медик",
	"wolfhud_enemy_tank_mini" : "Бульдозер с миниганом",
	"wolfhud_enemy_phalanx_minion" : "Щит Винтерса",
	"wolfhud_enemy_phalanx_vip" : "Капитан Винтерс",
	"wolfhud_enemy_swat_van" : "ТУРЕЛЬ СПЕЦНАЗА",
	"wolfhud_enemy_ceiling_turret" : "ТУРЕЛЬ",
	"wolfhud_enemy_sentry_gun" : "ТУРЕЛЬ",
	"wolfhud_enemy_mobster_boss" : "Комиссар",
	"wolfhud_enemy_chavez_boss" : "Чавез",
	"wolfhud_enemy_druglord_boss" : "Босс Соса",
	"wolfhud_enemy_druglord_boss_stealth" : "Босс Соса",
	"wolfhud_enemy_biker_boss" : "Босс байкеров",
	"wolfhud_enemy_bank_manager" : "Менеджер банка",
	"wolfhud_enemy_inside_man" : "Крот",
	"wolfhud_enemy_escort_undercover" : "Налогосборщик",
	"wolfhud_enemy_escort_heatstreet" : "Мэтт",
	"wolfhud_enemy_escort_chinese_prisoner" : "Казо",
	"wolfhud_enemy_drunk_pilot" : "Пьяный пилот",
	"wolfhud_enemy_escort" : "Сопровождающий",
	"wolfhud_enemy_boris" : "Борис",
	"wolfhud_enemy_spa_vip" : "Харон",
	"wolfhud_enemy_spa_vip_hurt" : "Харон (раненый)",
	"wolfhud_enemy_old_hoxton_mission" : "Хокcтон",
	"wolfhud_enemy_locke_mission" : "Лок",
	"wolfhud_enemy_hector_boss" : "Бронированный Гектор",
	"wolfhud_enemy_hector_boss_no_armor" : "Гектор",
	"wolfhud_enemy_crew" : "Член Команды",
	"wolfhud_enemy_butler" : "Альдстоун",
	"wolfhud_enemy_vlad" : "Влад",

	"wolfhud_enemy_boom" : "Гренадер",
	"wolfhud_enemy_omnia_lpf" : "OMNIA L.P.F.",
	"wolfhud_enemy_summers" : "Капитан Саммерс",
	"wolfhud_enemy_boom_summers" : "Майор Молли",
	"wolfhud_enemy_taser_summers" : "Инженер-электрик",
	"wolfhud_enemy_medic_summers" : "Сержант Док",
	"wolfhud_enemy_spring" : "Капитан Спринг",
	"wolfhud_enemy_fbi_vet" : "Ветеран Коп",

	"wolfhud_multiselect_all" : "Все",
	"wolfhud_multiselect_none" : "Нет",
	"wolfhud_multiselect_disabled" : "Отключен",
	"wolfhud_multiselect_random" : "Случайно",
	"wolfhud_multiselect_left" : "Слева",
	"wolfhud_multiselect_center" : "По центру",
	"wolfhud_multiselect_right" : "Справа",

	"wolfhud_colors_white"  : "Белый",
	"wolfhud_colors_light_yellow"  : "Светло-желтый",
	"wolfhud_colors_light_orange"  : "Светло-оранжевый",
	"wolfhud_colors_light_red"  : "Светло-красный",
	"wolfhud_colors_light_purple"  : "Светло-фиолетовый",
	"wolfhud_colors_light_green"  : "Светло-зеленый",
	"wolfhud_colors_light_blue"  : "Светло-голубой",
	"wolfhud_colors_light_gray" : "Светло-серый",
	"wolfhud_colors_yellow"  : "Желтый",
	"wolfhud_colors_orange"  : "Оранжевый",
	"wolfhud_colors_red" : "Красный",
	"wolfhud_colors_purple" : "Фиолетовый",
	"wolfhud_colors_green" : "Зеленый",
	"wolfhud_colors_blue" : "Синий",
	"wolfhud_colors_gray" : "Серый",
	"wolfhud_colors_black" : "Черный",
	"wolfhud_colors_rainbow" : "Разноцветный",

	"wolfhud_options_name" : "WolfHUD Настройки",
	"wolfhud_options_help" : "Настройте WolfHUD в соответветствии с вашими предпочтениями.",

	"wolfhud_skip_blackscreen_title" : "Пропустить черный экран",
	"wolfhud_skip_blackscreen_desc" : "Автоматически пропускает черный экран в начале миссии.\n(Только хост)",
	"wolfhud_instant_restart_title" : "Немедленный перезапуск",
	"wolfhud_instant_restart_desc" : "Автоматически пропускает таймер в 5 секунд перед перезапуском в лобби.\n(Только хост)",
	"wolfhud_stat_screen_speedup_title" : "Ускоренный экран статистики",
	"wolfhud_stat_screen_speedup_desc" : "Автоматически ускоряет подсчет опыта без необходимости зажатия пробела.",
	"wolfhud_stat_screen_delay_title" : "Задержка экрана статистики",
	"wolfhud_stat_screen_delay_desc" : "Задержка X секунд, после того как ваш EXP будет посчитан.\n(Только хост, 0 = выключено) ",
	"wolfhud_loot_screen_pick_card_title" : "Автовыбор карты",
	"wolfhud_loot_screen_pick_card_desc" : "Автоматический выбор карты, когда отображается экран добычи.",
	"wolfhud_loot_screen_pick_specific_card_title" : "Автоматический выбор конкретной карты",
	"wolfhud_loot_screen_pick_specific_card_desc" : "Выберите, какую карту выбирать автоматически.",
	"wolfhud_loot_screen_delay_title" : "Задержка экрана добычи",
	"wolfhud_loot_screen_delay_desc" : "Задержка X секунд после того как вы получите добычу.\n(Только хост, 0 = выключено)",
	"wolfhud_replace_weapon_names_title" : "Настоящие названия оружия",
	"wolfhud_replace_weapon_names_desc" : "Замена названий оружий на настоящие.\n(Необходимо сменить карту для принятия изменений...)",
	"wolfhud_inventory_tab_names_title" : "Исп. названия вкладок в инвентаре",
	"wolfhud_inventory_tab_names_desc" : "Настройте ваши имена вкладок в инвентаре.\n(Отредактируйте в '/mods/saves/WolfHUD_InventoryNames.txt')",
	"wolfhud_inventory_names_title" : "Показать названия ячеек инвентаря",
	"wolfhud_inventory_names_desc" : "Показать названия вашего оружия, брони, снаряжения и т.д. внутри ячейки в инвентаре.",
	"wolfhud_skill_names_title" : "Показать названия навыков",
	"wolfhud_skill_names_desc" : "Всегда показывает названия навыков в дереве навыков.",
	"wolfhud_show_mini_icons_title" : "Всегда показывать мини-иконки",
	"wolfhud_show_mini_icons_desc" : "Всегда показывать иконки модификаций всех оружий, а не только выбранного.",
	"wolfhud_no_slowmotion_title" : "Без замедления",
	"wolfhud_no_slowmotion_desc" : "Отключает замедление движения вовремя надевания маски или при падении.",
	"wolfhud_reset_options_title" : "Сбросить Настройки",
	"wolfhud_reset_options_desc" : "Сбросить все Настройки по умолчанию.",
	"wolfhud_reset_options_confirm" : "Вы уверены, что хотите сбросить все настройки по умолчанию?",

	"wolfhud_panels_options_name" : "Общие настройки HUD панелей",
	"wolfhud_panels_options_help" : "Настройки для всех основных HUD панелей, таких как CustomHUD, Подозрительность, Индикатор урона, DrivingHUD и многиз других.",

	"wolfhud_use_customhud_title" : "Использовать CustomHUD",
	"wolfhud_use_customhud_desc" : "Заменяет HUD по умолчанию на расширенный CustomHUD, созданный Se7en.\n(Необходимо сменить карту...)",
	"wolfhud_adv_assault_title" : "Расширенный баннер штурма",
	"wolfhud_adv_assault_desc" : "Отображает фазу штурма, время и оставшиеся спауны во время штурма.\n(Только хост)",
	"wolfhud_assault_position_title": "Расположение Штурма",
	"wolfhud_assault_position_desc" : "Горизонтальное расположение баннера Штурма.",
	"wolfhud_pacified_civs_title" : "Показать усмиренных гражданских",
	"wolfhud_pacified_civs_desc" : "Заменяет иконку над головой усмиренного гражданского, когда он ложится.",
	"wolfhud_use_realammo_title" : "Исп. настоящие боеприпасы",
	"wolfhud_use_realammo_desc" : "Показывает остаток боеприпасов, не учитывая патроны в текущем магазине.",
	"wolfhud_enable_burstmode_title" : "Включить стрельбу очередями",
	"wolfhud_enable_burstmode_desc" : "Включает режим стрельбы очередями для вашего оружия.",

	"wolfhud_playerpanel_options_name" : "Панель Игрока",
	"wolfhud_playerpanel_options_help" : "Настройки для вашей собственной панели HUD.",

	"wolfhud_teampanels_options_name" : "Панели напарников",
	"wolfhud_teampanels_options_help" : "Настройки для панелей HUD напарников.",

	"wolfhud_panels_position_title" : "Расположение",
	"wolfhud_panels_position_desc" : "Горизонтальное расположение HUD панели.",
	"wolfhud_panels_scale_title" : "Масштаб",
	"wolfhud_panels_scale_desc" : "Масштабирование HUD панели.",
	"wolfhud_panels_oppacity_title" : "Непрозрачность",
	"wolfhud_panels_oppacity_desc" : "Задайте непрозрачности HUD панели.",
	"wolfhud_panels_show_name_title" : "Отображение имени",
	"wolfhud_panels_show_name_desc" : "Отображает имена игроков.",
	"wolfhud_panels_show_rank_title" : "Отображение ранга",
	"wolfhud_panels_rank_name_desc" : "Показывает ранг игроков.",
	"wolfhud_panels_truncate_tags_title" : "Обрезанные теги",
	"wolfhud_panels_truncate_tags_desc" : "Попробуйте отсечь теги клана от имен игров",
	"wolfhud_panels_show_char_title" : "Отображение персонажа",
	"wolfhud_panels_show_char_desc" : "Показывает персонажа, выбранного игроком.",
	"wolfhud_panels_show_ping_title" : "Отображение пинга",
	"wolfhud_panels_show_ping_desc" : "Показывает пинг игроков для вас.",
	"wolfhud_panels_show_status_title" : "Отображение статуса",
	"wolfhud_panels_show_status_desc" : "Показывает статус игроков (здоровье, броня и т.д.)",
	"wolfhud_panels_condition_icon_color_title" : "Цвет значка состояния",
	"wolfhud_panels_condition_icon_color_desc" : "Задает цвет значка состояния (упавший, под стражей, лебединая песня и т.п.)",
	"wolfhud_panels_show_equip_title" : "Отображение снаряжения",
	"wolfhud_panels_show_equip_desc" : "Показывает снаряжение игроков.",
	"wolfhud_panels_show_special_equip_title" : "Отображение особого снаряжения",
	"wolfhud_panels_show_special_equip_desc" : "Показывает особое снаряжение у игроков.",
	"wolfhud_panels_special_equip_rows_title" : "Кол-во особого снаряжения",
	"wolfhud_panels_special_equip_rows_desc" : "Кол-во особого снаряжения, которое можно разместить в одну колонку.",
	"wolfhud_panels_show_callsign_title" : "Отображение позывных",
	"wolfhud_panels_show_callsign_desc" : "Показывает позывные для этого игрока.",
	"wolfhud_panels_show_stamina_title" : "Показать выносливость",
	"wolfhud_panels_show_stamina_desc" : "Показывает круг выносливости внутри вашего индикатора здоровья.",
	"wolfhud_panels_show_downcounter_title" : "Показать обратный счетчик",
	"wolfhud_panels_show_downcounter_desc" : "Показывает обратный счетчик для каждого не ИИ. \nСчетчик показывает падения вас и ваших напарников.",
	"wolfhud_panels_show_carry_title" : "Отображение сумки",
	"wolfhud_panels_show_carry_desc" : "Показывает информацию о переносимой сумке.",
	"wolfhud_panels_build_show_title" : "Отображение билда",
	"wolfhud_panels_build_show_desc" : "Показывает билды присоединившихся игроков.",
	"wolfhud_panels_build_time_title" : "Время отображения билда",
	"wolfhud_panels_build_time_desc" : "Показывает билды игроков X секунд.\n(0 = Постоянно)",
	"wolfhud_panels_weapon_icon_title" : "Иконки оружия",
	"wolfhud_panels_weapon_icon_desc" : "Какие иконки оружия вы хотите видеть?",
	"wolfhud_panels_weapon_name_title" : "Названия Оружия",
	"wolfhud_panels_weapon_name_desc" : "Отображать названия оружий?",
	"wolfhud_panels_weapon_ammo_title" : "Боеприпасы оружия",
	"wolfhud_panels_weapon_ammo_desc" : "Режим отображения боеприпасов оружия.",
	"wolfhud_panels_weapon_firemode_title" : "Режимы стрельбы",
	"wolfhud_panels_weapon_firemode_desc" : "Показывает или скрывает режимы стрельбы.",
	"wolfhud_panels_hide" : "Скрыть",
	"wolfhud_panels_selected" : "Только выбранные",
	"wolfhud_panels_unselected" : "Только невыбранные",
	"wolfhud_panels_both" : "Оба",
	"wolfhud_panels_ammo_total" : "Только все боеприпасы",
	"wolfhud_panels_show_interaction_title" : "Показать взаимодействие",
	"wolfhud_panels_show_interaction_desc" : "Показать взаимодействия ваших напарников.",
	"wolfhud_panels_show_interaction_number_title" : "Таймер взаимодействия",
	"wolfhud_panels_show_interaction_number_desc" : "Показывает цифровой индикатор",
	"wolfhud_panels_show_interaction_text_title" : "Текст взаимодействия",
	"wolfhud_panels_show_interaction_text_desc" : "Показывает текст взаимодействия",
	"wolfhud_panels_interaction_time_title" : "Длительность мин. взаимодействия",
	"wolfhud_panels_interaction_time_desc" : "Показывать взаимодействия напарников, только если длится больше X секунд.",
	"wolfhud_panels_use_ai_color_title" : "Использовать польз. цвет бота",
	"wolfhud_panels_use_ai_color_desc" : "Использовать пользовательский цвет для имен ботов. (Также влияет на высплывающие подсказки с уроном)",
	"wolfhud_panels_ai_color_title" : "Польз. цвет бота",
	"wolfhud_panels_ai_color_desc" : "Задайте настраиваемый цвет имен ботов. (Также влияет на высплывающие подсказки с уроном)",

	"wolfhud_chat_options_name" : "Настройки чата",
	"wolfhud_chat_options_help" : "Настройки кастомизации чата.",

	"wolfhud_chat_waittime_title" : "Время исчезания чата",
	"wolfhud_chat_waittime_desc" : "Время через которое чат исчезнет\n(0 = Никогда)",
	"wolfhud_chat_fontsize_title" : "Размер шрифта чата",
	"wolfhud_chat_fontsize_desc" : "Размер шрифта для внутриигрового чата.",
	"wolfhud_chat_outputlines_title" : "Макс кол-во строк чата",
	"wolfhud_chat_outputlines_desc" : "Максимальное количество строк для отображения перед прокруткой.",
	"wolfhud_spam_filter_title" : "Фильтр спама в чате",
	"wolfhud_spam_filter_desc" : "Убирает спам от PocoHUD и [NGBTO] из чата.",
	"wolfhud_chat_width_title" : "Ширина чата",
	"wolfhud_chat_width_desc" : "Ширина окна с чатом",
	"wolfhud_chat_inputlines_title" : "Макс. кол-во строк ввода текста",
	"wolfhud_chat_inputlines_desc" : "Кол-во строк для ввода текста",
	"wolfhud_chat_colored_bg_title" : "Цветной фон",
	"wolfhud_chat_colored_bg_desc" : "Задайте цвет фона под текстом в чате",
	"wolfhud_chat_scrollbar_align_title" : "Выравнивание прокрутки",
	"wolfhud_chat_scrollbar_align_desc" : "Выравнивание полосы прокрутки",

	"wolfhud_suspicion_options_name" : "Настройки Подозрения",
	"wolfhud_suspicion_options_help" : "Настройки размера панели подозрения, а также его видимых компонентов.",

	"wolfhud_suspicion_scale_title" : "Масштаб подозрения",
	"wolfhud_suspicion_scale_desc" : "Масштабирование для элементов панели подозрения.",
	"wolfhud_susp_eye_title" : "Показать метку подозрения",
	"wolfhud_susp_eye_desc" : "Показать стандартные элементы подозрения.",
	"wolfhud_susp_numberic_title" : "Показать подозрение в цифрах",
	"wolfhud_susp_numberic_desc" : "Показывает значение подозрения в процентах.",
	"wolfhud_susp_numberic_outline_title" : "Черный контур",
	"wolfhud_susp_numberic_outline_desc" : "Показать черный контур вокруг цифренного значения подозрения.",

	"wolfhud_killcounter_options_name" : "Настройки счетчика убийств",
	"wolfhud_killcounter_options_help" : "Настройки появления счетчика убийств",

	"wolfhud_killcounter_player_show_killcount_title" : "Отображать счетчик убийств игрока",
	"wolfhud_killcounter_player_show_killcount_desc" : "Отображать счетчик убийств в вашем HUD.",
	"wolfhud_killcounter_player_color_title" : "Цвет счетчика убийств игрока",
	"wolfhud_killcounter_player_color_desc" : "Выберите цвет для счетчика убийств.",
	"wolfhud_killcounter_player_show_special_title" : "Кол-во убийств спец. врагов игроком",
	"wolfhud_killcounter_player_show_special_desc" : "Отображает убийства спец. врагов по-отдельности.",
	"wolfhud_killcounter_player_show_head_title" : "Кол-во выстрелов в голову игроком",
	"wolfhud_killcounter_player_show_head_desc" : "Отображает выстрелы в голову по-отдельности.",
	"wolfhud_killcounter_player_show_accuracy_title" : "Показать точность игрока",
	"wolfhud_killcounter_player_show_accuracy_desc" : "Отображает вашу текущую точность в вашем HUD.",
	"wolfhud_killcounter_team_show_killcount_title" : "Отображает счетчик убийств напарников",
	"wolfhud_killcounter_team_show_killcount_desc" : "Отображает счетчик убийств в HUD ваших напарников.",
	"wolfhud_killcounter_team_color_title" : "Цвет счетчика убийств напарников",
	"wolfhud_killcounter_team_color_desc" : "Выберите цвет для счетчика убийств для ваших напарников.",
	"wolfhud_killcounter_team_show_special_title" : "Кол-во убийств спец. врагов напарниками",
	"wolfhud_killcounter_team_show_special_desc" : "Отображает убийства спец. врагов по-отдельности.",
	"wolfhud_killcounter_team_show_head_title" : "Кол-во выстрелов в голову напарниками",
	"wolfhud_killcounter_team_show_head_desc" : "Отображает выстрелы в голову по-отдельности.",
	"wolfhud_killcounter_team_show_ai_title" : "Счетчик убийств для ИИ",
	"wolfhud_killcounter_team_show_ai_desc" : "Счетчик убийств будет и у ботов?",
	"wolfhud_corpse_limit_title" : "Ограничение трупов",
	"wolfhud_corpse_limit_desc" : "Сколько трупов может лежать одновременно?\n(Необходимо сменить карту для принятия изменений...)",

	"wolfhud_drivinghud_options_name" : "Настройки DrivingHUD",
	"wolfhud_drivinghud_options_help" : "Настройки для DrivingHUD.",

	"wolfhud_show_drivinghud_title" : "Показать Driving HUD",
	"wolfhud_show_drivinghud_desc" : "Показать небольшой HUD в правом нижнем углу во время вождения.\n(Необходимо сменить карту для принятия изменений...)",
	"wolfhud_drivinghud_scale_title" : "Масштаб",
	"wolfhud_drivinghud_scale_desc" : "Коэффициент масштабирования для DrivingHUD.",
	"wolfhud_drivinghud_show_vehicle_title" : "Показать изображение транспорта",
	"wolfhud_drivinghud_show_vehicle_desc" : "Отображать маленькое изображение транспорта и маски игроков двигающиъся с вами.",
	"wolfhud_drivinghud_show_health_title" : "Показать здоровье",
	"wolfhud_drivinghud_show_health_desc" : "Отображает здоровье транспорта.",
	"wolfhud_drivinghud_show_loot_title" : "Показать ценности",
	"wolfhud_drivinghud_show_loot_desc" : "Отображает загруженность транспорта и максимальное кол-во ценностей.",
	"wolfhud_drivinghud_show_passengers_title" : "Показать пассажиров",
	"wolfhud_drivinghud_show_passengers_desc" : "Показывает кол-во пассажиров в транспорте и общее число мест.",
	"wolfhud_drivinghud_show_gear_title" : "Показать передачу",
	"wolfhud_drivinghud_show_gear_desc" : "Отображает передачу во время движения.",
	"wolfhud_drivinghud_show_speed_title" : "Показать скорость",
	"wolfhud_drivinghud_show_speed_desc" : "Отображает текущую скорость транспорта.",
	"wolfhud_drivinghud_speed_in_mph_title" : "Скорость в мили/час",
	"wolfhud_drivinghud_speed_in_mph_desc" : "Отображать скорость в мили/час.\n(В противном случае используются км/ч .)",
	"wolfhud_drivinghud_show_rpm_title" : "Показать крутящий момент",
	"wolfhud_drivinghud_show_rpm_desc" : "Отображает крутящий момент у траспорта.",

	"wolfhud_infopanels_options_name" : "HUD Инфо Настройки",
	"wolfhud_infopanels_options_help" : "Настройки для инфоблоков из HUDList.",

	"wolfhud_use_hudlist_title" : "Использовать HUDList",
	"wolfhud_use_hudlist_desc" : "HUDList может отображать много различных функций. Таймеры сверления, кол-во врагов или лута, активы на карте, и т.д. (Необходимо сменить карту для принятия изменений...)",
	"wolfhud_hudlist_scale_right_title" : "Масштаб блоков справа",
	"wolfhud_hudlist_scale_right_desc" : "Коэффициент масштабирования блоков справа.",
	"wolfhud_hudlist_scale_left_title" : "Масштаб блоков слева",
	"wolfhud_hudlist_scale_left_desc" : "Коэффициент масштабирования блоков слева.",
	"wolfhud_hudlist_scale_buff_title" : "Масштаб бафф блоков",
	"wolfhud_hudlist_scale_buff_desc" : "Коэффициент масштабирования баффов.",
	"wolfhud_hudlist_box_color_title" : "Цвет шрифта блоков",
	"wolfhud_hudlist_box_color_desc" : "Цвет передней панели левого и правого блоков.\n(Необходимо сменить карту для принятия изменений...)",
	"wolfhud_hudlist_box_bg_color_title" : "Цвет фона блоков",
	"wolfhud_hudlist_box_bg_color_desc" : "Цвет фона левого и правого блоков.\n(Необходимо сменить карту для принятия изменений...)",
	"wolfhud_hudlist_civcolor_title" : "Цвет гражданских",
	"wolfhud_hudlist_civcolor_desc" : "Цвет для гражданских и заложников в EnemyCounter.",
	"wolfhud_hudlist_thugcolor_title" : "Цвет бандитов",
	"wolfhud_hudlist_thugcolor_desc" : "Цвет для головорезов и бандитов в EnemyCounter.",
	"wolfhud_hudlist_copcolor_title" : "Цвет врагов",
	"wolfhud_hudlist_copcolor_desc" : "Цвет для копов, особых врагов и турелей в EnemyCounter.",
	"wolfhud_hudlist_specialcolor_title" : "Цвет особых врагов",
	"wolfhud_hudlist_specialcolor_desc" : "Цвет для особых врагов и турелей в EnemyCounter.",
	"wolfhud_hudlist_progress_alpha_left_title" : "Прозрачность левого списка",
	"wolfhud_hudlist_progress_alpha_left_desc" : "Уровень прозрачности индикаторов левого списка.",
	"wolfhud_hudlist_progress_alpha_right_title" : "Прозрачность правого списка",
	"wolfhud_hudlist_progress_alpha_right_desc" : "Уровень прозрачности индикаторов правого списка.",
	"wolfhud_hudlist_progress_alpha_buff_title" : "Прозрачность списка баффов",
	"wolfhud_hudlist_progress_alpha_buff_desc" : "Уровень прозрачности индикаторов списка баффов.",

	"wolfhud_infopanels_left_options_name" : "Настройки списка слева",
	"wolfhud_infopanels_left_options_help" : "Настройки для списка информации слева.",

	"wolfhud_hudlist_show_timers_title" : "Показать таймеры",
	"wolfhud_hudlist_show_timers_desc" : "Отображать таймеры для дрелей, взломы и т.д.",
	"wolfhud_hudlist_show_equipment_desc" : "Определяет следует ли нам отображать снаряжение в правой части экрана.",
	"wolfhud_hudlist_show_ammo_bags_title" : "Показать боеприпасы",
	"wolfhud_hudlist_show_doc_bags_title" : "Показать медицинские сумки",
	"wolfhud_hudlist_show_first_aid_kits_title" : "Показать аптечки первой помощи",
	"wolfhud_hudlist_show_body_bags_title" : "Показать мешки для трупов",
	"wolfhud_hudlist_show_grenade_crates_title" : "Показать гранаты",
	"wolfhud_hudlist_sentries_title" : "Показать турели",
	"wolfhud_hudlist_sentries_desc" : "Показать здоровье и боеприпасы турелей.",
	"wolfhud_hudlist_hide_empty_sentries_title" : "Скрыть пустые турели",
	"wolfhud_hudlist_hide_empty_sentries_desc" : "Скрыть блоки с пустыми турелями.",
	"wolfhud_hudlist_show_ecms_title" : "Показать джаммеры",
	"wolfhud_hudlist_show_ecms_desc" : "Показать таймер для джаммеров ",
	"wolfhud_hudlist_show_ecm_retrigger_title" : "Показать перезапуск джаммера",
	"wolfhud_hudlist_show_ecm_retrigger_desc" : "Показать, когда джаммер готов перезапуститься.",
	"wolfhud_hudlist_show_minions_title" : "Показать джокеров",
	"wolfhud_hudlist_show_minions_desc" : "Показать здоровьее всех пойманных копов.",
	"wolfhud_hudlist_show_own_minions_only_title" : "Только свои джокеры",
	"wolfhud_hudlist_show_own_minions_only_desc" : "Показывать только своих джокеров.",
	"wolfhud_hudlist_show_pagers_title" : "Показать пейджеры",
	"wolfhud_hudlist_show_pagers_desc" : "Показать таймер оставшегося времени пейджера перед триггерами сигнализации.",
	"wolfhud_hudlist_show_tape_loop_title" : "Показать зацикленные камеры",
	"wolfhud_hudlist_show_tape_loop_desc" : "Показать таймер зацикленной камеры.",
	"wolfhud_hudlist_remove_answered_pagers_title" : "Убрать контур пейджера",
	"wolfhud_hudlist_remove_answered_pagers_desc" : "Убрать контур пейджера, если уже происходит ответ на него.",

	"wolfhud_infopanels_right_options_name" : "Настройки списка справа",
	"wolfhud_infopanels_right_options_help" : "Настройки для списка информации справа.",

	"wolfhud_hudlist_show_enemies_title" : "Показать врагов",
	"wolfhud_hudlist_show_enemies_desc" : "Показать кол-во врагов на карте.",
	"wolfhud_hudlist_aggregate_enemies_title" : "Объединение врагов",
	"wolfhud_hudlist_aggregate_enemies_desc" : "Показать один HUD блок для всех врагов.",
	"wolfhud_hudlist_show_turrets_title" : "Показать фургоны с турелями",
	"wolfhud_hudlist_show_turrets_desc" : "Показать кол-во фургонов с турелями на карте.",
	"wolfhud_hudlist_show_civilians_title" : "Показать гражданских",
	"wolfhud_hudlist_show_civilians_desc" : "Показать общее кол-во гражданских на карте.",
	"wolfhud_hudlist_show_hostages_title" : "Показать заложников",
	"wolfhud_hudlist_show_hostages_desc" : "Показать кол-во гражданских в заложниках.",
	"wolfhud_hudlist_aggregate_hostages_title" : "Общее числов заложников",
	"wolfhud_hudlist_aggregate_hostages_desc" : "Показывает все типы заложников в одной информационной ячейке.",
	"wolfhud_hudlist_show_minion_count_title" : "Показать кол-во копов",
	"wolfhud_hudlist_show_minion_count_desc" : "Показать кол-во копов в заложниках.",
	"wolfhud_hudlist_show_pager_count_title" : "Показать список стелса",
	"wolfhud_hudlist_show_pager_count_desc" : "Отображает кол-во оставшихся пейджеров, активных камер и перетаскиваемых мешков с трупами.",
	"wolfhud_hudlist_show_cam_count_title" : "Показать кол-во камер",
	"wolfhud_hudlist_show_cam_count_desc" : "Показывает кол-во активных камер во время стелса",
	"wolfhud_hudlist_show_bodybags_count_title" : "Показать кол-во мешков для трупов",
	"wolfhud_hudlist_show_bodybags_count_desc" : "Показывает кол-во мешков в расширенном инвентаре прямо на экране",
	"wolfhud_hudlist_show_corpse_count_title" : "Показать кол-во трупов",
	"wolfhud_hudlist_show_corpse_count_desc" : "Показывает кол-во трупов и упакованных тел на карте во время стелса.",
	"wolfhud_hudlist_show_loot_title" : "Показать добычу",
	"wolfhud_hudlist_show_loot_desc" : "Кол-во добычик в мешках на текущей карте.",
	"wolfhud_hudlist_aggregate_loot_title" : "Объединение добычи",
	"wolfhud_hudlist_aggregate_loot_desc" : "Показать все типы добычи в едином значении счетчика.",
	"wolfhud_hudlist_separate_bagged_loot_title" : "Раздельная добыча",
	"wolfhud_hudlist_separate_bagged_loot_desc" : "Раздельное отображение упакованной и неупакованной добычи.",
	"wolfhud_hudlist_show_potential_loot_title" : "Показать потенциальную добычу",
	"wolfhud_hudlist_show_potential_loot_desc" : "Показывает кол-во ящиков на карте в счетчике добычи. \n(Помните, ящики могут быть пусты...)",
	"wolfhud_hudlist_show_special_pickups_title" : "Показать особые вещи",
	"wolfhud_hudlist_show_special_pickups_desc" : "Показать кол-во химикатов, ключ-карт и других предметов на карте.",
	"wolfhud_hudlist_show_mission_pickups_title" : "Показать подбираемые предметы на миссии",
	"wolfhud_hudlist_show_mission_pickups_desc" : "Показать количество ингредиентов, ключкарт, досок и других предметов на карте.",
	"wolfhud_hudlist_show_collectables_pickups_title" : "Показать коллекционируемые предметы",
	"wolfhud_hudlist_show_collectables_pickups_desc" : "Показать количество посылок Гейджа, кейсов, ключей и прочее на карте.",
	"wolfhud_hudlist_show_valuables_pickups_title" : "Показать добычу",
	"wolfhud_hudlist_show_valuables_pickups_desc" : "Показать количество ценностей, например пачки денег или ожерелья на карте.",

	"wolfhud_infopanels_buff_options_name" : "Настройки списка баффов",
	"wolfhud_infopanels_buff_options_help" : "Настройки для списка баффов с информацией.",

	"wolfhud_infopanels_buff_mastermind_options_name" : "Навыки Манипулятора",
	"wolfhud_infopanels_buff_mastermind_options_help" : "Включение или отключение визуальные индикаторы Навыков Манипулятора.",
	"wolfhud_infopanels_buff_enforcer_options_name" : "Навыки Штурмовика",
	"wolfhud_infopanels_buff_enforcer_options_help" : "Включение или отключение визуальные индикаторы Навыков Штурмовика.",
	"wolfhud_infopanels_buff_technician_options_name" : "Навыки Техника",
	"wolfhud_infopanels_buff_technician_options_help" : "Включение или отключение визуальные индикаторы Навыков Техника.",
	"wolfhud_infopanels_buff_ghost_options_name" : "Навыки Призрака",
	"wolfhud_infopanels_buff_ghost_options_help" : "Включение или отключение визуальные индикаторы Навыков Призрака.",
	"wolfhud_infopanels_buff_fugitive_options_name" : "Навыки Беглеца",
	"wolfhud_infopanels_buff_fugitive_options_help" : "Включение или отключение визуальные индикаторы Навыков Беглеца.",
	"wolfhud_infopanels_buff_perkdecks_options_name" : "Перки",
	"wolfhud_infopanels_buff_perkdecks_options_help" : "Включение или отключение визуальные индикаторы Перков.",
	"wolfhud_infopanels_buff_gageboosts_options_name" : "Бонусы Гейджа",
	"wolfhud_infopanels_buff_gageboosts_options_help" : "Включение или отключение визуальных индикаторов бонусов Гейджа.",
	"wolfhud_infopanels_buff_henchmen_options_name" : "Навыки Приспешника",
	"wolfhud_infopanels_buff_henchmen_options_help" : "Включение или отключение визуальных индикаторов навыков Приспешника.",

	"wolfhud_hudlist_show_buffs_title" : "Показать баффы",
	"wolfhud_hudlist_show_buffs_desc" : "Отображает активный баффы в центральной части экрана.",
	"wolfhud_hudlist_damage_increase_compbuff_title" : "Бафф увеличения урона",
	"wolfhud_hudlist_damage_increase_compbuff_desc" : "Композитный бафф, отображает добавленное значение всего урона, увеличенного с помощью навыков.",
	"wolfhud_hudlist_damage_reduction_compbuff_title" : "Бафф уменьшения урона",
	"wolfhud_hudlist_damage_reduction_compbuff_desc" : "Композитный бафф, отображает добавленное значение всего урона, уменьшенного с помощью навыков .",
	"wolfhud_hudlist_melee_damage_increase_compbuff_title" : "Бафф увеличения урона в ближнем бою",
	"wolfhud_hudlist_melee_damage_increase_compbuff_desc" : "Композитный бафф, отображает добавленное значение всего урона в ближнем бою, увеличенного с помощью навыков..",
	"wolfhud_hudlist_passive_health_regen_compbuff_title" : "Пассивная регенерация здоровья",
	"wolfhud_hudlist_passive_health_regen_compbuff_desc" : "Композитный бафф, отображает значение всех эффектов пассивной регенерации здоровья.",
	"wolfhud_hudlist_total_dodge_chance_compbuff_title" : "Общий шанс уклонения",
	"wolfhud_hudlist_total_dodge_chance_compbuff_desc" : "Композитный бафф, отображает значение всех навыков увеличения уклонения.",
	"wolfhud_hudlist_aggressive_reload_aced_buff_title" : "Агрессивная перезарядка",
	"wolfhud_hudlist_aggressive_reload_aced_buff_desc" : "",
	"wolfhud_hudlist_ammo_efficiency_buff_title" : "Эффективность боеприпасов",
	"wolfhud_hudlist_ammo_efficiency_buff_desc" : "",
	"wolfhud_hudlist_armor_break_invulnerable_buff_title" : "Блицкриг-боп (Анархист)",
	"wolfhud_hudlist_armor_break_invulnerable_buff_desc" : "",
	"wolfhud_hudlist_berserker_buff_title" : "Берсеркер",
	"wolfhud_hudlist_berserker_buff_desc" : "Часть составных баффов.",
	"wolfhud_hudlist_biker_buff_title" : "Реген дебафф (Байкер)",
	"wolfhud_hudlist_biker_buff_desc" : "",
	"wolfhud_hudlist_bloodthirst_basic_buff_title" : "Жажда крови (Базовый)",
	"wolfhud_hudlist_bloodthirst_basic_buff_desc" : "Часть составных баффов.",
	"wolfhud_hudlist_bloodthirst_aced_buff_title" : "Жажда крови (ПРО)",
	"wolfhud_hudlist_bloodthirst_aced_buff_desc" : "",
	"wolfhud_hudlist_bullet_storm_buff_title" : "Свинцовый ливень",
	"wolfhud_hudlist_bullet_storm_buff_desc" : "",
	"wolfhud_hudlist_close_contact_buff_title" : "Ближний бой(Интервент)",
	"wolfhud_hudlist_close_contact_buff_desc" : "Часть составных баффов.",
	"wolfhud_hudlist_combat_medic_buff_title" : "Боевой медик (Активный)",
	"wolfhud_hudlist_combat_medic_buff_desc" : "Часть составных баффов.",
	"wolfhud_hudlist_combat_medic_passive_buff_title" : "Боевой медик (Пассивный)",
	"wolfhud_hudlist_combat_medic_passive_buff_desc" : "",
	"wolfhud_hudlist_desperado_buff_title" : "Головорез",
	"wolfhud_hudlist_desperado_buff_desc" : "",
	"wolfhud_hudlist_die_hard_buff_title" : "Крепкий орешек",
	"wolfhud_hudlist_die_hard_buff_desc" : "Часть составных баффов.",
	"wolfhud_hudlist_dire_need_buff_title" : "Острая необходимость",
	"wolfhud_hudlist_dire_need_buff_desc" : "",
	"wolfhud_hudlist_frenzy_buff_title" : "Безумие",
	"wolfhud_hudlist_frenzy_buff_desc" : "Часть составных баффов.",
	"wolfhud_hudlist_grinder_buff_title" : "Реген здоровья (Нападающий)",
	"wolfhud_hudlist_grinder_buff_desc" : "",
	"wolfhud_hudlist_chico_injector_buff_title" : "Длительность инъектора (Вор в законе)",
	"wolfhud_hudlist_chico_injector_buff_desc" : "",
	"wolfhud_hudlist_hostage_situation_buff_title" : "Ситуация с заложниками (Капо)",
	"wolfhud_hudlist_hostage_situation_buff_desc" : "Часть составных баффов.",
	"wolfhud_hudlist_hostage_taker_buff_title" : "Спекулянт",
	"wolfhud_hudlist_hostage_taker_buff_desc" : "",
	"wolfhud_hudlist_inspire_buff_title" : "Вдохновление (Ускорение)",
	"wolfhud_hudlist_inspire_buff_desc" : "",
	"wolfhud_hudlist_lock_n_load_buff_title" : "Оружие к бою",
	"wolfhud_hudlist_lock_n_load_buff_desc" : "",
	"wolfhud_hudlist_melee_stack_damage_buff_title" : "Увеличение урона оружием ближнего боя (Интервент)",
	"wolfhud_hudlist_melee_stack_damage_buff_desc" : "Часть составных баффов.",
	"wolfhud_hudlist_maniac_buff_title" : "Уменьшение урона (Маньяк)",
	"wolfhud_hudlist_maniac_buff_desc" : "",
	"wolfhud_hudlist_muscle_regen_buff_title" : "Реген здоровья (Силовик)",
	"wolfhud_hudlist_muscle_regen_buff_desc" : "",
	"wolfhud_hudlist_messiah_buff_title" : "Мессия",
	"wolfhud_hudlist_messiah_buff_desc" : "",
	"wolfhud_hudlist_overdog_buff_title" : "Overdog (Интервент)",
	"wolfhud_hudlist_overdog_buff_desc" : "",
	"wolfhud_hudlist_overkill_buff_title" : "Overkill",
	"wolfhud_hudlist_overkill_buff_desc" : "Часть составных баффов.",
	"wolfhud_hudlist_painkiller_buff_title" : "Обезболивающее",
	"wolfhud_hudlist_painkiller_buff_desc" : "Часть составных баффов.",
	"wolfhud_hudlist_partner_in_crime_buff_title" : "Сообщник",
	"wolfhud_hudlist_partner_in_crime_buff_desc" : "Часть составных баффов.",
	"wolfhud_hudlist_running_from_death_buff_title" : "Бегущий от смерти",
	"wolfhud_hudlist_running_from_death_buff_desc" : "Часть составных баффов.",
	"wolfhud_hudlist_quick_fix_buff_title" : "Скорая помощь",
	"wolfhud_hudlist_quick_fix_buff_desc" : "Часть составных баффов.",
	"wolfhud_hudlist_second_wind_buff_title" : "Второе дыхание",
	"wolfhud_hudlist_second_wind_buff_desc" : "",
	"wolfhud_hudlist_sixth_sense_buff_title" : "Шестое чувство",
	"wolfhud_hudlist_sixth_sense_buff_desc" : "",
	"wolfhud_hudlist_sicario_dodge_buff_title" : "Дополнительное уклонение (Боевик)",
	"wolfhud_hudlist_sicario_dodge_buff_desc" : "",
	"wolfhud_hudlist_smoke_screen_buff_title" : "Дымовая завеса (Боевик)",
	"wolfhud_hudlist_smoke_screen_buff_desc" : "",
	"wolfhud_hudlist_swan_song_buff_title" : "Лебединая песня",
	"wolfhud_hudlist_swan_song_buff_desc" : "",
	"wolfhud_hudlist_tooth_and_claw_buff_title" : "Зубы и когти (Киллер)",
	"wolfhud_hudlist_tooth_and_claw_buff_desc" : "",
	"wolfhud_hudlist_trigger_happy_buff_title" : "Меткий стрелок",
	"wolfhud_hudlist_trigger_happy_buff_desc" : "Часть составных баффов.",
	"wolfhud_hudlist_underdog_buff_title" : "Загнанный зверь",
	"wolfhud_hudlist_underdog_buff_desc" : "Часть составных баффов.",
	"wolfhud_hudlist_unseen_strike_buff_title" : "Невидимый удар",
	"wolfhud_hudlist_unseen_strike_buff_desc" : "",
	"wolfhud_hudlist_up_you_go_buff_title" : "Поднимайся",
	"wolfhud_hudlist_up_you_go_buff_desc" : "Часть составных баффов.",
	"wolfhud_hudlist_uppers_buff_title" : "Колеса",
	"wolfhud_hudlist_uppers_buff_desc" : "",
	"wolfhud_hudlist_yakuza_buff_title" : "Скорость регена брони (Якудза)",
	"wolfhud_hudlist_yakuza_buff_desc" : "",
	"wolfhud_hudlist_anarchist_armor_recovery_debuff_title" : "Жажда жизни (Анархист)",
	"wolfhud_hudlist_anarchist_armor_recovery_debuff_desc" : "",
	"wolfhud_hudlist_ammo_give_out_debuff_title" : "Выдача боеприпасов дебафф (Шулер)",
	"wolfhud_hudlist_ammo_give_out_debuff_desc" : "",
	"wolfhud_hudlist_bullseye_debuff_title" : "В яблочко дебафф",
	"wolfhud_hudlist_bullseye_debuff_desc" : "",
	"wolfhud_hudlist_inspire_debuff_title" : "Ускорение вдохновлением дебафф",
	"wolfhud_hudlist_inspire_debuff_desc" : "",
	"wolfhud_hudlist_inspire_revive_debuff_title" : "Поднятие вдохновлением дебафф",
	"wolfhud_hudlist_inspire_revive_debuff_desc" : "",
	"wolfhud_hudlist_life_drain_debuff_title" : "Похититель жизней дебафф (Интервент)",
	"wolfhud_hudlist_life_drain_debuff_desc" : "",
	"wolfhud_hudlist_medical_supplies_debuff_title" : "Медицинские припасы дебафф (Шулер)",
	"wolfhud_hudlist_medical_supplies_debuff_desc" : "",
	"wolfhud_hudlist_sociopath_debuff_title" : "Реген дебафф (Социопат)",
	"wolfhud_hudlist_sociopath_debuff_desc" : "",
	"wolfhud_hudlist_armorer_teambuff_title" : "Увеличение брони командный бафф (Оружейник)",
	"wolfhud_hudlist_armorer_teambuff_desc" : "",
	"wolfhud_hudlist_bulletproof_teambuff_title" : "Пуленепробиваемый командный бафф",
	"wolfhud_hudlist_bulletproof_teambuff_desc" : "",
	"wolfhud_hudlist_crew_chief_teambuff_title" : "Увеличенные характеристики командный бафф (Капо)",
	"wolfhud_hudlist_crew_chief_teambuff_desc" : "Часть составных баффов.",
	"wolfhud_hudlist_forced_friendship_teambuff_title" : "Навязанная дружба командный бафф",
	"wolfhud_hudlist_forced_friendship_teambuff_desc" : "",
	"wolfhud_hudlist_life_steal_gage_debuff_title" : "Сам себе врач",
	"wolfhud_hudlist_life_steal_gage_debuff_desc" : "",
	"wolfhud_hudlist_invulnerable_gage_buff_title" : "Почти неуязвимость",
	"wolfhud_hudlist_invulnerable_gage_buff_desc" : "",
	"wolfhud_hudlist_crew_inspire_debuff_title" : "Вдохновение",
	"wolfhud_hudlist_crew_inspire_debuff_desc" : "",
	"wolfhud_hudlist_crew_throwable_regen_buff_title" : "Конвейер",
	"wolfhud_hudlist_crew_throwable_regen_buff_desc" : "",
	"wolfhud_hudlist_crew_health_regen_buff_title" : "Целитель",
	"wolfhud_hudlist_crew_health_regen_buff_desc" : "",

	"wolfhud_waypoints_options_name" : "Настройки пользовательских вэйпоинтов",
	"wolfhud_waypoints_options_help" : "Настройки управления пользовательскими вэйпоинтами.",

	"wolfhud_waypoints_color_title" : "Цвет вэйпоинтов",
	"wolfhud_waypoints_color_desc" : "Цвет вэйпоинтов в миссии по умолчанию.",
	"wolfhud_waypoints_show_ammo_bag_title" : "Показать сумки с боеприпасами",
	"wolfhud_waypoints_show_ammo_bag_desc" : "Показать вэйпоинты для сумок с боеприпасами с остатком в процентах.",
	"wolfhud_waypoints_show_doc_bag_title" : "Показать медицинские сумки",
	"wolfhud_waypoints_show_doc_bag_desc" : "Показать вэйпоинты медицинских сумок с кол-вом оставшихся использований.",
	"wolfhud_waypoints_show_first_aid_kit_title" : "Показать аптечки первой помощи",
	"wolfhud_waypoints_show_first_aid_kit_desc" : "Показать вэйпоинты аптечек первой помощи, отображая также эффекты навыков.",
	"wolfhud_waypoints_show_body_bag_title" : "Показать кейсы с мешками для трупов",
	"wolfhud_waypoints_show_body_bag_desc" : "Показать вэйпоинты кейсов с мешками для трупов с кол-вом оставшихся мешков.",
	"wolfhud_waypoints_show_grenade_crate_title" : "Показать кейсы с гранатами",
	"wolfhud_waypoints_show_grenade_crate_desc" : "Показать вэйпоинты кейсов с гранатами с оставшимся кол-вом гранат.",
	"wolfhud_waypoints_show_sentries_title" : "Показать турели",
	"wolfhud_waypoints_show_sentries_desc" : "Показать вэйпоинты турелей с кол-вом оставшихся боеприпасов.",
	"wolfhud_waypoints_show_ecms_title" : "Показать генераторы помех",
	"wolfhud_waypoints_show_ecms_desc" : "Показать вэйпоинты генераторов помех с оставшейся батареей и длительностью обратной связи.",
	"wolfhud_waypoints_show_timers_title" : "Показать таймеры",
	"wolfhud_waypoints_show_timers_desc" : "Показать вэйпоинты таймеров с оставшимся временем и активации обновлений.",
	"wolfhud_waypoints_show_loot_title" : "Показать ценности",
	"wolfhud_waypoints_show_loot_desc" : "Показать название добычи сверху, при взгляде вблизи него.",
	"wolfhud_waypoints_loot_icon_title" : "Значок сумки",
	"wolfhud_waypoints_loot_icon_desc" : "Показывает значок сумки к добыче.",
	"wolfhud_waypoints_loot_offset_title" : "Смещение по высоте",
	"wolfhud_waypoints_loot_offset_desc" : "Установите смещение по высоте текста к добыче.",
	"wolfhud_waypoints_loot_bagged_offset_title" : "Смещение высоты взятой добычи",
	"wolfhud_waypoints_loot_bagged_offset_desc" : "Установите смещение по высоте текста к взятой добыче.",
	"wolfhud_waypoints_loot_angle_title" : "Видимый угол",
	"wolfhud_waypoints_loot_angle_desc" : "Установите угол текста, под которым он виден.",
	"wolfhud_waypoints_show_special_equipment_title" : "Показать спец. снаряжение",
	"wolfhud_waypoints_show_special_equipment_desc" : "Показать вэйпоинты для различнного снаряжения. Хорошо для изучения всех локаций.",
	"wolfhud_waypoints_show_minions_title" : "Показать миньонов",
	"wolfhud_waypoints_show_minions_desc" : "Показать имена миньонов над головами, в цвете игрока, который конвертировал его. \nТакже показывает его кол-во убийств.",
	"wolfhud_waypoints_show_pager_title" : "Показать пейджеры",
	"wolfhud_waypoints_show_pager_desc" : "Показать вэйпоинты активных пейджеров. Изменяется цвет, когда кто-то отвечает на него.",

	"wolfhud_tabstats_options_name" : "TabStats Настройки",
	"wolfhud_tabstats_options_help" : "Настройте отображение вашего окна на TAB.",

	"wolfhud_tabstats_clock_mode_title" : "Формат времени",
	"wolfhud_tabstats_clock_mode_desc" : "Какой формат времени вы используете?",
	"wolfhud_tabstats_clock_mode_a" : "12ч",
	"wolfhud_tabstats_clock_mode_b" : "24ч",
	"wolfhud_tabstats_clock_mode_c" : "Время ограбления",
	"wolfhud_use_tabstats_title" : "Использовать TabStats",
	"wolfhud_use_tabstats_desc" : "Показывает вашу статистику на экране TAB вместо брифинга миссии.\n(Необходимо сменить карту для принятия изменений...)",
	"wolfhud_tabstats_font_size_title" : "Размер шрифта списка",
	"wolfhud_tabstats_font_size_desc" : "Размер шрифта для списка расширенной статистики.",
	"wolfhud_tabstats_color_title" : "Цвет списка",
	"wolfhud_tabstats_color_desc" : "Цвет для списка расширенной статистики.",
	"wolfhud_tabstats_actual_mask_title" : "Использовать фактическую маску",
	"wolfhud_tabstats_actual_mask_desc" : "Использует фактическую маску вместо вашего изображения персонажа на экране TAB.\n(Необходимо сменить карту для принятия изменений...)",
	"wolfhud_tabstats_numberic_loot_title" : "Числовой счетчик добычи",
	"wolfhud_tabstats_numberic_loot_desc" : "Отключает миниигру подсчета добычи и отображает кол-во сразу же.",

	"wolfhud_crewloadout_options_name" : "Настройки экипировки команды",
	"wolfhud_crewloadout_options_help" : "Выберите, где вы хотите видеть информацию о том, какая экипировка и навыки используют ваши напарники.",

	"wolfhud_crewloadout_lobby_title" : "Показывать в лобби",
	"wolfhud_crewloadout_lobby_desc" : "Добавляет кнопку на экран вашего лобби, которая отображает экипировку вас и напарников.",
	"wolfhud_crewloadout_cs_lobby_title" : "Показывать в лобби серии ограблений",
	"wolfhud_crewloadout_cs_lobby_desc" : "Добавляет новую вкладку рядом с модификаторами и наградами в лобби серии ограблений.",
	"wolfhud_crewloadout_briefing_title" : "Заменить в брифинге",
	"wolfhud_crewloadout_briefing_desc" : "Заменяет панель экипировки команды по умолчанию в брифинге миссии.",
	"wolfhud_crewloadout_tabscreen_title" : "Показывать на экране TAB",
	"wolfhud_crewloadout_tabscreen_desc" : "Показывает навыки, перки и текущий пинг игроков в вашем лобби. \n(Отключено если вы используете данную функцию в Lobby Player Info)",
    "wolfhud_profilemenu_replace_title" : "Заменить меню выбора профиля",
    "wolfhud_profilemenu_replace_desc" : "Заменяет обычный выбор профиля на улучшенную версию из WolfHUD.",

	"wolfhud_dmgindicator_options_name" : "Индикатор попадания",
	"wolfhud_dmgindicator_options_help" : "Установите время исчезания, размер и цвета для индикаторов попадания.",

	"wolfhud_show_dmg_indicator_title" : "Динамический индикатор попадания",
	"wolfhud_show_dmg_indicator_desc" : "Меняет 4 статических показателя попаданий на несколько динамических в соответствии с вашей позицией во время движения.",
	"wolfhud_dmg_ind_time_title" : "Время индикатора",
	"wolfhud_dmg_ind_time_desc" : "Определяет время отображения индикатора.",
	"wolfhud_dmg_ind_size_title" : "Размер индикатора",
	"wolfhud_dmg_ind_size_desc" : "Определяет размер круга, где индикаторы расположены вокруг.",
	"wolfhud_dmg_indicator_max_count_title" : "Макс. кол-во индикаторов",
	"wolfhud_dmg_indicator_max_count_desc" : "Укажите максимальное кол-во индикаторов попадания на экране.",
	"wolfhud_dmg_shield_color_title" : "Цвет брони",
	"wolfhud_dmg_shield_color_desc" : "Цвет индикатора, когда наносят урон броне.",
	"wolfhud_dmg_health_color_title" : "Цвет здоровья",
	"wolfhud_dmg_health_color_desc" : "Цвет здоровья, когда наносят урон здоровью.",
	"wolfhud_dmg_crit_color_title" : "Цвет низкого здоровья",
	"wolfhud_dmg_crit_color_desc" : "Цвет индикатор, когда ваше здоровье кончается",
	"wolfhud_dmg_vehicle_color_title" : "Цвет транспорта",
	"wolfhud_dmg_vehicle_color_desc" : "Цвет индикатор, когда транспорту наносится урон.",
	"wolfhud_dmg_friendlyfire_color_title" : "Цвет огня по своим",
	"wolfhud_dmg_friendlyfire_color_desc" : "Цвет индикатора, когда вы получаете урон от огня или гранат.",

	"wolfhud_dmgpopup_options_name" : "Всплывающий урон врага",
	"wolfhud_dmgpopup_options_help" : "Всплывающий урон появляется возле головы врага.",

	"wolfhud_show_dmg_popup_title" : "Показать всплывающий урон",
	"wolfhud_show_dmg_popup_desc" : "Включить всплывающий урон.",
	"wolfhud_dmg_popup_player" : "Игрок",
	"wolfhud_dmg_popup_all" : "Все",
	"wolfhud_dmg_popup_scale_title" : "Масштаб всплывающей информации",
	"wolfhud_dmg_popup_scale_desc" : "Изменяет размер всплывающей информации.",
	"wolfhud_dmg_popup_skull_scale_title" : "Масштаб черепа",
	"wolfhud_dmg_popup_skull_scale_desc" : "Изменяет размер иконки черепа, когда враг был убит.",
	"wolfhud_dmg_popup_skull_align_title" : "Выравнивание черепа",
	"wolfhud_dmg_popup_skull_align_desc" : "Изменяет выравнивание иконки черепа, когда враг был убит.",
	"wolfhud_dmg_popup_time_title" : "Время всплывающей информации",
	"wolfhud_dmg_popup_time_desc" : "Определяет как долго будет отображаться всплывающая информация.",
	"wolfhud_dmg_popup_height_title" : "Высота всплывающей информации",
	"wolfhud_dmg_popup_height_desc" : "Задаёт, насколько высоко над противником будет отображаться всплывающая информация.",
	"wolfhud_dmg_popup_alpha_title" : "Непрозрачность всплывающей информации",
	"wolfhud_dmg_popup_alpha_desc" : "Задайте непрозрачность всплывающей информации.",
	"wolfhud_dmg_popup_color_title" : "Цвет выстрела в тело",
	"wolfhud_dmg_popup_color_desc" : "Задайте цвет всплывающей информации о выстреле в тело",
	"wolfhud_dmg_popup_headshot_color_title" : "Цвет выстрела в голову",
	"wolfhud_dmg_popup_headshot_color_desc" : "Задайте цвет всплывающей информации о выстреле в голову.",

	"wolfhud_enemyhealthbar_options_name" : "Полоса здоровья врага",
	"wolfhud_enemyhealthbar_options_help" : "Определите над какими врагами будет отображена полоса здоровья.",

	"wolfhud_show_enemyhealthbar_title" : "Показать полосу здоровья врага",
	"wolfhud_show_enemyhealthbar_desc" : "Отобразить полосу здоровья врага вверху.\n(Необходимо сменить карту для принятия изменений...)",
	"wolfhud_show_civhealthbar_title" : "Полоса здоровья гражданских",
	"wolfhud_show_civhealthbar_desc" : "Показать полосу здоровья для гражданских и ботов в команде.",
	"wolfhud_show_carhealthbar_title" : "Показать полосу здоровья транспорта",
	"wolfhud_show_carhealthbar_desc" : "Показать полосу здоровья управляемого транспорта.",
	"wolfhud_show_healthbar_pointer_title" : "Показать указатель",
	"wolfhud_show_healthbar_pointer_desc" : "Показать стрелку под полосой здоровья, направленную на юнита.",

	"wolfhud_interaction_options_name" : "Настройки взаимодействия",
	"wolfhud_interaction_options_help" : "Выберите личные предпочтения для взаимодействия.",

	"wolfhud_press2hold_lock_mode_title" : "Режим блокировки",
	"wolfhud_press2hold_lock_mode_desc" : "Блокировка происходит после X секунд. (В прогрессе)\nБлокировка, когда общее время взаимодействия более X секунд. (Общее)",
	"wolfhud_press2hold_lock_mode_a" : "В прогрессе",
	"wolfhud_press2hold_lock_mode_b" : "Общее",
	"wolfhud_press2hold_lock_mode_c": "Пейджеры+взлом",
	"wolfhud_press2hold_lock_mode_d": "Только пейджеры",
	"wolfhud_press2hold_min_timer_duration_title" : "Минимальное время таймера",
	"wolfhud_press2hold_min_timer_duration_desc" : "Минимальное время таймера для блокировки взаимодействия.",
	"wolfhud_press2hold_show_lockindicator_title" : "Показать индикатор блокировки",
	"wolfhud_press2hold_show_lockindicator_desc" : "Показать прозрачный красный/зелёный круг наложения, чтобы знать, заблокировано взаимодействие или нет.",
	"wolfhud_press2hold_equipment_cancel_title" : "Снаряжения для прерывания",
	"wolfhud_press2hold_equipment_cancel_desc" : "Прерывания заблокированного взаимодействия клавишей снаряжения.\n(В противном случае - при повторном нажатии клавиши взаимодействия.)",
	"wolfhud_press2hold_interrupt_hint_title" : "Показать подсказку взаимодействия",
	"wolfhud_press2hold_interrupt_hint_desc" : "Показывает текст, напоминащий вам, какая кнопка отменяет взаимодействие.",
	"wolfhud_press2hold_show_timer_title" : "Показать оставшееся время",
	"wolfhud_press2hold_show_timer_desc" : "Отображать оставшееся время внутри круга взаимодействия.",
	"wolfhud_press2hold_show_circle_title" : "Показать круг взаимодействия",
	"wolfhud_press2hold_show_circle_desc" : "Отображать стандартный круг взаимодействия?.",
	"wolfhud_press2hold_circle_scale_title" : "Масштаб круга",
	"wolfhud_press2hold_circle_scale_desc" : "Коэффициент масштаба круга взаимодействия.",
	"wolfhud_press2hold_timer_scale_title" : "Масштаб таймера",
	"wolfhud_press2hold_timer_scale_desc" : "Коэффициент масштаба таймера в центре(а также масштаб круга).",
	"wolfhud_press2hold_text_scale_title" : "Масштаб текста",
	"wolfhud_press2hold_text_scale_desc" : "Масштабирует текст взаимодействия ниже круга.",
	"wolfhud_press2hold_show_reload_circle_title" : "Показать время перезарядки",
	"wolfhud_press2hold_show_reload_circle_desc" : "Показать перезарядку как взаимодействие?.",
	"wolfhud_press2hold_show_melee_circle_title" : "Время перезарядки в ближнем бою",
	"wolfhud_press2hold_show_melee_circle_desc" : "Показывает время полной готовности оружия ближнего боя",
	"wolfhud_press2hold_timer_color_start_title" : "Цвет таймера(Начало)",
	"wolfhud_press2hold_timer_color_start_desc" : "Цвет таймера во время начала отсчета.",
	"wolfhud_press2hold_timer_color_title" : "Цвет таймера(Конец)",
	"wolfhud_press2hold_timer_color_desc" : "Цвет для таймера, отображающего время до завершения.",
	"wolfhud_press2hold_show_timer_outline_title" : "Черный контур",
	"wolfhud_press2hold_show_timer_outline_desc" : "Показать черный контур вокруг остального текста таймера.",
	"wolfhud_doubletap_nades_stealth_title" : "Пресечение взрывов в стелсе",
	"wolfhud_doubletap_nades_stealth_desc" : "Во время стелса, необходимо будет дважды нажать на клавишу броска гранаты. \nДля предотвращения случайных нажатий.",
	"wolfhud_hold_to_pick_title" : "Автоподбор",
	"wolfhud_hold_to_pick_desc" : "Небольшие предметы будут подобраны автоматически при нажатии клавиши взаимодействия.",

	"wolfhud_inventory_options_name" : "Настройки твиков инвентаря",
	"wolfhud_inventory_options_help" : "Настройки, изменяющие визуальные эффекты вашего инвентаря и поведения снаряжения.",

	"wolfhud_equipment_senty_auto_ap_title" : "Авторежим AP турелей",
	"wolfhud_equipment_senty_auto_ap_desc" : "Турели будут установлены в AP режиме, если у вас есть необходимый навык.",
	"wolfhud_equipment_tripmine_auto_sensor_stealth_title" : "Авторежим датчика мин",
	"wolfhud_equipment_tripmine_auto_sensor_stealth_desc" : "Мины будут устанавливаться с режимом датчика, пока вы стелсите.",
	"wolfhud_equipment_ecm_feedback_disabled_stealth_title" : "Без обратной связи генератора помех",
	"wolfhud_equipment_ecm_feedback_disabled_stealth_desc" : "Обратная связь генератора помех будет отключена во время стелса.",
	"wolfhud_equipment_shaped_charge_disabled_stealth_title" : "Подавление заряда мины",
	"wolfhud_equipment_shaped_charge_disabled_stealth_desc" : "Если выбрано, вам нужно дважды нажать, чтобы установить кумулятивный заряд во время стелса. \n Для предотвращения случайных нажатий",
	"wolfhud_equipment_keycard_doors_disabled_title" : "Подавление ключ-карт",
	"wolfhud_equipment_keycard_doors_disabled_desc" : "Когда выбрано, вам необходимо 2 раза нажать, чтобы закрыть двери на втором дне Спасения Хокстона. \nДля предотвращения случайных нажатий.",

	"wolfhud_gadget_options_name" : "Настройки гаджетов оружия",
	"wolfhud_gadget_options_help" : "Настройте пользовательские цвета лазеров.",

	"wolfhud_laser_autoon_title" : "Включение автолазера",
	"wolfhud_laser_autoon_desc" : "Автоматически включается гаджет лазера при запуске на оружии, которое его имеет.",
	"wolfhud_show_angeled_sight_title" : "Показать угол обзора",
	"wolfhud_show_angeled_sight_desc" : "Наклоняет оружие в руке, пока угол обзора включен.",

	"wolfhud_gadget_player_laser_options_name" : "Лазер игрока",
	"wolfhud_gadget_player_laser_options_help" : "Настройки вашего лазера.",
	"wolfhud_gadget_player_sentry_laser_options_name" : "Настройки турели игрока",
	"wolfhud_gadget_player_sentry_laser_options_help" : "Настройки лазеров ваших турелей.",
	"wolfhud_gadget_team_laser_options_name" : "Лазеры напарников",
	"wolfhud_gadget_team_laser_options_help" : "Настройки лазеров ваших напарников.",
	"wolfhud_gadget_team_sentry_laser_options_name" : "Лазеры турелей напарников",
	"wolfhud_gadget_team_sentry_laser_options_help" : "Настройки лазеров турелей ваших напарников.",
	"wolfhud_gadget_sniper_laser_options_name" : "Лазер снайпера",
	"wolfhud_gadget_sniper_laser_options_help" : "Настройки лазеров вражеских снайперов.",
	"wolfhud_gadget_turret_laser_active_options_name" : "Лазер турели (Активный)",
	"wolfhud_gadget_turret_laser_active_options_help" : "Настройки лазера активной турели спецназа.",
	"wolfhud_gadget_turret_laser_rearming_options_name" : "Лазер турели (Перезарядка)",
	"wolfhud_gadget_turret_laser_rearming_options_help" : "Настройки лазера турели спецназа во время перезарядки.",
	"wolfhud_gadget_turret_laser_mad_options_name" : "Лазер турели (Бешеный)",
	"wolfhud_gadget_turret_laser_mad_options_help" : "Настройки лазера вышедшей из строя турели спецназа.",
	"wolfhud_gadget_player_flashlight_options_name" : "Фонарик игрока",
	"wolfhud_gadget_player_flashlight_options_help" : "Настройки ваших фонариков.",
	"wolfhud_gadget_team_flashlight_options_name" : "Фонарик напарников",
	"wolfhud_gadget_team_flashlight_options_help" : "Настройки фонариков ваших напарников.",

	"wolfhud_gadgets_beam_r_title" : "Лазерный луч (R)",
	"wolfhud_gadgets_beam_r_desc" : "Красный компонент цвета лазера.",
	"wolfhud_gadgets_beam_g_title" : "Лазерный луч (G)",
	"wolfhud_gadgets_beam_g_desc" : "Зеленый компонент цвета лазера.",
	"wolfhud_gadgets_beam_b_title" : "Лазерный луч (B)",
	"wolfhud_gadgets_beam_b_desc" : "Синий компонент цвета лазера.",
	"wolfhud_gadgets_beam_a_title" : "Лазерный луч Альфа",
	"wolfhud_gadgets_beam_a_desc" : "Непрозрачность лазерного луча.",
	"wolfhud_gadgets_dot_match_title" : "Соответствие цвета точки",
	"wolfhud_gadgets_dot_match_desc" : "Определяет, должна ли соответствовать точка лазера лучу в цвете",
	"wolfhud_gadgets_dot_r_title" : "Точка лазера (R)",
	"wolfhud_gadgets_dot_r_desc" : "Красный компонент цвета точки лазера.",
	"wolfhud_gadgets_dot_g_title" : "Точка лазера (G)",
	"wolfhud_gadgets_dot_g_desc" : "Зеленый компонент цвета точки лазера.",
	"wolfhud_gadgets_dot_b_title" : "Точка лазера (B)",
	"wolfhud_gadgets_dot_b_desc" : "Синий компонент цвета точки лазера.",
	"wolfhud_gadgets_dot_a_title" : "Точка лазера Альфа",
	"wolfhud_gadgets_dot_a_desc" : "Непрозрачность точки лазера.",
	"wolfhud_gadgets_glow_match_title" : "Соответствие цвета свечения",
	"wolfhud_gadgets_glow_match_desc" : "Определяет, должно ли свечение лазера соответствовать лучу в цвете.",
	"wolfhud_gadgets_glow_r_title" : "Свечение лазера (R)",
	"wolfhud_gadgets_glow_r_desc" : "Красный компонент цвета свечения лазера.",
	"wolfhud_gadgets_glow_g_title" : "Свечение лазера (G)",
	"wolfhud_gadgets_glow_g_desc" : "Зеленый компонент цвета свечения лазера.",
	"wolfhud_gadgets_glow_b_title" : "Свечение лазера (B)",
	"wolfhud_gadgets_glow_b_desc" : "Синий компонент цвета свечения лазера.",
	"wolfhud_gadgets_glow_a_title" : "Свечение лазера Альфа",
	"wolfhud_gadgets_glow_a_desc" : "Непрозрачность свечения лазера.",
	"wolfhud_gadgets_light_r_title" : "Фонарик (R)",
	"wolfhud_gadgets_light_r_desc" : "Красный компонент цвета фонарика.",
	"wolfhud_gadgets_light_g_title" : "Фонарик (G)",
	"wolfhud_gadgets_light_g_desc" : "Зеленый компонент цвета фонарика.",
	"wolfhud_gadgets_light_b_title" : "Фонарик (B)",
	"wolfhud_gadgets_light_b_desc" : "Синий компонент цвета фонарика.",
	"wolfhud_gadgets_light_brightness_title" : "Яркость фонарика",
	"wolfhud_gadgets_light_brightness_desc" : "Яркость фонарика.",
	"wolfhud_gadgets_light_angle_title" : "Угол фонарика",
	"wolfhud_gadgets_light_angle_desc" : "Угол свечения фонарика.",
	"wolfhud_gadgets_light_range_title" : "Дальность фонарика",
	"wolfhud_gadgets_light_range_desc" : "Расстояние охвата света фонарика.",
	"wolfhud_gadgets_rainbow_enabled_title" : "Включить разноцветный режим",
	"wolfhud_gadgets_rainbow_enabled_desc" : "Включает разноцветный режим.",
	"wolfhud_gadgets_rainbow_frequency_title" : "Частота разноцветного режима",
	"wolfhud_gadgets_rainbow_frequency_desc" : "Определяет как быстро будут меняться цвета.",
	"wolfhud_gadgets_pulse_enabled_title" : "Включить импульс",
	"wolfhud_gadgets_pulse_enabled_desc" : "Активирует режим импульса.",
	"wolfhud_gadgets_pulse_min_title" : "Минимальный импульс",
	"wolfhud_gadgets_pulse_min_desc" : "Минимальный модификатор непрозрачности, которые используется.",
	"wolfhud_gadgets_pulse_max_title" : "Максимальный импульс",
	"wolfhud_gadgets_pulse_max_desc" : "Максимальный модификатор непрозрачности, которые используется.",
	"wolfhud_gadgets_pulse_frequency_title" : "Частота импульса",
	"wolfhud_gadgets_pulse_frequency_desc" : "Определяет время, необходимое импульсу от минимальной до максимальной нерпозрачности мультипликатора.",

	"wolfhud_skipit_options_name" : "Настройки пропуска",
	"wolfhud_skipit_options_help" : "Настройки автоматического пропуска ненужных меню, для экономии времени.",
	"wolfhud_assaultbanner_options_name" : "Настройки баннера штурма",
	"wolfhud_assaultbanner_options_help" : "Настройки для изменений баннера штурма."
}
